Label,mean_fpktl ,std_fpktl ,mean_bpktl ,std_bpktl ,m,s,mb,sb,fpktl_cv,bpktl_cv
MalwareAttack_1000,29,0,0,0,1,0,0,0,0,0
Benign_1000,32,0,0,0,1,0,0,0,0,0
MalwareActivity_1000,40,0,0,0,1,0,0,0,0,0
Benign_1000,44,0,0,0,1,0,0,0,0,0
MalwareAttack_1000,53,0,0,0,1,0,0,0,0,0
Benign_1000,57,0,0,0,1,0,0,0,0,0
Benign_1000,60,0,0,0,1,0,0,0,0,0
Benign_1000,62,0,0,0,1,0,0,0,0,0
Benign_1000,63,0,0,0,1,0,0,0,0,0
Benign_1000,65,0,0,0,1,0,0,0,0,0
Benign_1000,66,0,0,0,1,0,0,0,0,0
Benign_1000,68,0,0,0,1,0,0,0,0,0
Benign_1000,73,0,0,0,1,0,0,0,0,0
Benign_1000,76,0,0,0,1,0,0,0,0,0
MalwareAttack_1000,93,0,0,0,1,0,0,0,0,0
Benign_1000,118,0,0,0,1,0,0,0,0,0
Benign_1000,153,0,0,0,1,0,0,0,0,0
Benign_1000,233,0,0,0,1,0,0,0,0,0
Benign_1000,328,0,0,0,1,0,0,0,0,0
MalwareAttack_1000,540,0,0,0,1,0,0,0,0,0
MalwareAttack_1000,1164,0,0,0,1,0,0,0,0,0
Activity_Attack_1000,1500,0,0,0,1,0,0,0,0,0
Activity_Attack_1000,1500,0,0,0,1,0,0,0,0,0
Benign_1010,44,0,44,0,1,0,1,0,0,0
Benign_1010,65,0,65,0,1,0,1,0,0,0
Benign_1010,66,0,66,0,1,0,1,0,0,0
Benign_1010,71,0,71,0,1,0,1,0,0,0
Benign_1010,74,0,74,0,1,0,1,0,0,0
Benign_1010,60,0,76,0,1,0,1,0,0,0
Benign_Activity_1010,76,0,76,0,1,0,1,0,0,0
Benign_Activity_1010,76,0,76,0,1,0,1,0,0,0
Benign_1010,61,0,77,0,1,0,1,0,0,0
Benign_1010,62,0,78,0,1,0,1,0,0,0
Benign_1010,64,0,80,0,1,0,1,0,0,0
Benign_1010,65,0,81,0,1,0,1,0,0,0
Benign_1010,66,0,82,0,1,0,1,0,0,0
Benign_1010,68,0,84,0,1,0,1,0,0,0
Benign_1010,69,0,85,0,1,0,1,0,0,0
Benign_1010,88,0,88,0,1,0,1,0,0,0
Benign_1010,57,0,89,0,1,0,1,0,0,0
Benign_1010,62,0,90,0,1,0,1,0,0,0
Benign_1010,74,0,90,0,1,0,1,0,0,0
Benign_1010,69,0,99,0,1,0,1,0,0,0
Benign_1010,84,0,100,0,1,0,1,0,0,0
Benign_1010,55,0,103,0,1,0,1,0,0,0
Benign_1010,71,0,103,0,1,0,1,0,0,0
Benign_1010,68,0,108,0,1,0,1,0,0,0
Benign_1010,67,0,113,0,1,0,1,0,0,0
Benign_1010,67,0,116,0,1,0,1,0,0,0
Benign_1010,64,0,122,0,1,0,1,0,0,0
Benign_1010,65,0,123,0,1,0,1,0,0,0
Benign_1010,68,0,123,0,1,0,1,0,0,0
Benign_1010,60,0,126,0,1,0,1,0,0,0
Benign_1010,68,0,126,0,1,0,1,0,0,0
Benign_1010,60,0,131,0,1,0,1,0,0,0
Benign_1010,67,0,131,0,1,0,1,0,0,0
Benign_1010,68,0,132,0,1,0,1,0,0,0
Benign_1010,74,0,132,0,1,0,1,0,0,0
Benign_1010,60,0,135,0,1,0,1,0,0,0
Benign_1010,66,0,141,0,1,0,1,0,0,0
Benign_1010,67,0,142,0,1,0,1,0,0,0
Benign_1010,68,0,143,0,1,0,1,0,0,0
Benign_1010,88,0,145,0,1,0,1,0,0,0
Benign_1010,71,0,146,0,1,0,1,0,0,0
Benign_1010,84,0,150,0,1,0,1,0,0,0
Benign_1010,64,0,155,0,1,0,1,0,0,0
Benign_1010,65,0,157,0,1,0,1,0,0,0
Benign_1010,75,0,161,0,1,0,1,0,0,0
Benign_1010,71,0,167,0,1,0,1,0,0,0
Benign_1010,66,0,173,0,1,0,1,0,0,0
Benign_1010,68,0,180,0,1,0,1,0,0,0
Benign_1010,75,0,180,0,1,0,1,0,0,0
Benign_1010,62,0,181,0,1,0,1,0,0,0
Benign_1010,65,0,183,0,1,0,1,0,0,0
Benign_1010,62,0,184,0,1,0,1,0,0,0
Benign_1010,58,0,186,0,1,0,1,0,0,0
Benign_1010,65,0,187,0,1,0,1,0,0,0
Benign_1010,60,0,189,0,1,0,1,0,0,0
Benign_1010,63,0,191,0,1,0,1,0,0,0
Benign_1010,70,0,198,0,1,0,1,0,0,0
Benign_1010,59,0,210,0,1,0,1,0,0,0
Benign_1010,64,0,218,0,1,0,1,0,0,0
Benign_1010,64,0,230,0,1,0,1,0,0,0
Benign_1010,61,0,252,0,1,0,1,0,0,0
Benign_1010,76,0,254,0,1,0,1,0,0,0
Benign_1010,71,0,295,0,1,0,1,0,0,0
Benign_1011,63,0,222,21,1,0,1,1,0,10.57142857
MalwareActivity,53,1,54,1,1,1,1,1,0.018867925,54
MalwareActivity,54,1,53,2,1,1,1,1,0.018518519,26.5
Benign,68,1,152,24,1,1,1,1,0.014705882,6.333333333
MalwareActivity,54,2,53,2,1,1,1,1,0.037037037,26.5
MalwareActivity,54,2,53,3,1,1,1,1,0.037037037,17.66666667
MalwareActivity,54,2,54,3,1,1,1,1,0.037037037,18
MalwareActivity,54,2,54,4,1,1,1,1,0.037037037,13.5
MalwareActivity,55,2,54,4,1,1,1,1,0.036363636,13.5
MalwareActivity,55,2,51,5,1,1,1,1,0.036363636,10.2
MalwareActivity,54,2,52,5,1,1,1,1,0.037037037,10.4
MalwareActivity,55,2,55,5,1,1,1,1,0.036363636,11
MalwareActivity,54,2,54,6,1,1,1,1,0.037037037,9
MalwareActivity,56,2,51,8,1,1,1,1,0.035714286,6.375
MalwareActivity,57,2,51,8,1,1,1,1,0.035087719,6.375
MalwareActivity,54,2,57,10,1,1,1,1,0.037037037,5.7
MalwareActivity,54,2,58,10,1,1,1,1,0.037037037,5.8
MalwareActivity,54,2,60,11,1,1,1,1,0.037037037,5.454545455
MalwareActivity,53,2,59,12,1,1,1,1,0.037735849,4.916666667
MalwareActivity,54,2,59,12,1,1,1,1,0.037037037,4.916666667
MalwareActivity,53,2,60,12,1,1,1,1,0.037735849,5
MalwareActivity,54,2,60,12,1,1,1,1,0.037037037,5
MalwareActivity,54,2,60,13,1,1,1,1,0.037037037,4.615384615
MalwareActivity,54,2,66,31,1,1,1,1,0.037037037,2.129032258
MalwareActivity,54,2,65,32,1,1,1,1,0.037037037,2.03125
MalwareActivity,54,2,65,33,1,1,1,1,0.037037037,1.96969697
Benign_1100,344,3,0,0,1,1,0,0,0.00872093,0
MalwareActivity_1110,58,3,60,0,1,1,1,0,0.051724138,0
MalwareActivity_1110,59,3,60,0,1,1,1,0,0.050847458,0
MalwareActivity,54,3,53,1,1,1,1,1,0.055555556,53
MalwareActivity,55,3,53,1,1,1,1,1,0.054545455,53
MalwareActivity,54,3,53,2,1,1,1,1,0.055555556,26.5
MalwareActivity,55,3,53,2,1,1,1,1,0.054545455,26.5
MalwareActivity,55,3,54,2,1,1,1,1,0.054545455,27
MalwareActivity,58,3,62,2,1,1,1,1,0.051724138,31
MalwareActivity,57,3,63,2,1,1,1,1,0.052631579,31.5
MalwareActivity,54,3,53,3,1,1,1,1,0.055555556,17.66666667
MalwareActivity,55,3,52,4,1,1,1,1,0.054545455,13
MalwareActivity,55,3,53,4,1,1,1,1,0.054545455,13.25
MalwareActivity,55,3,54,4,1,1,1,1,0.054545455,13.5
MalwareActivity,57,3,54,4,1,1,1,1,0.052631579,13.5
MalwareActivity,59,3,55,4,1,1,1,1,0.050847458,13.75
MalwareActivity,53,3,56,4,1,1,1,1,0.056603774,14
MalwareActivity,54,3,56,4,1,1,1,1,0.055555556,14
MalwareActivity,59,3,56,5,1,1,1,1,0.050847458,11.2
MalwareActivity,59,3,57,5,1,1,1,1,0.050847458,11.4
MalwareActivity,55,3,58,5,1,1,1,1,0.054545455,11.6
MalwareActivity,57,3,58,5,1,1,1,1,0.052631579,11.6
MalwareActivity,53,3,57,6,1,1,1,1,0.056603774,9.5
MalwareActivity,54,3,57,6,1,1,1,1,0.055555556,9.5
MalwareActivity,53,3,58,6,1,1,1,1,0.056603774,9.666666667
MalwareActivity,54,3,58,6,1,1,1,1,0.055555556,9.666666667
MalwareActivity,53,3,59,6,1,1,1,1,0.056603774,9.833333333
MalwareActivity,59,3,55,8,1,1,1,1,0.050847458,6.875
MalwareActivity,55,3,65,8,1,1,1,1,0.054545455,8.125
MalwareActivity,57,3,53,9,1,1,1,1,0.052631579,5.888888889
MalwareActivity,59,3,57,9,1,1,1,1,0.050847458,6.333333333
MalwareActivity,54,3,57,10,1,1,1,1,0.055555556,5.7
MalwareActivity,54,3,56,11,1,1,1,1,0.055555556,5.090909091
MalwareActivity,54,3,54,12,1,1,1,1,0.055555556,4.5
MalwareActivity,55,3,58,12,1,1,1,1,0.054545455,4.833333333
MalwareActivity,54,3,59,12,1,1,1,1,0.055555556,4.916666667
MalwareActivity,54,3,60,12,1,1,1,1,0.055555556,5
MalwareActivity,53,3,60,13,1,1,1,1,0.056603774,4.615384615
MalwareActivity,54,3,60,13,1,1,1,1,0.055555556,4.615384615
MalwareActivity,54,3,61,13,1,1,1,1,0.055555556,4.692307692
MalwareActivity,54,3,62,15,1,1,1,1,0.055555556,4.133333333
MalwareActivity,54,3,70,26,1,1,1,1,0.055555556,2.692307692
MalwareActivity,55,3,72,34,1,1,1,1,0.054545455,2.117647059
MalwareActivity,55,3,108,69,1,1,1,1,0.054545455,1.565217391
MalwareActivity,53,3,89,70,1,1,1,1,0.056603774,1.271428571
MalwareActivity,54,3,120,131,1,1,1,1,0.055555556,0.916030534
MalwareActivity,54,3,157,175,1,1,1,1,0.055555556,0.897142857
MalwareActivity,54,3,162,186,1,1,1,1,0.055555556,0.870967742
MalwareActivity,54,3,157,192,1,1,1,1,0.055555556,0.817708333
MalwareActivity,54,3,170,196,1,1,1,1,0.055555556,0.867346939
MalwareActivity,54,3,162,198,1,1,1,1,0.055555556,0.818181818
MalwareActivity,54,3,162,199,1,1,1,1,0.055555556,0.814070352
MalwareActivity,54,3,170,204,1,1,1,1,0.055555556,0.833333333
MalwareActivity,54,3,170,205,1,1,1,1,0.055555556,0.829268293
MalwareActivity,55,3,171,205,1,1,1,1,0.054545455,0.834146341
MalwareActivity,54,3,170,206,1,1,1,1,0.055555556,0.825242718
MalwareActivity,55,3,171,206,1,1,1,1,0.054545455,0.830097087
MalwareActivity,55,3,181,210,1,1,1,1,0.054545455,0.861904762
MalwareActivity,55,3,183,210,1,1,1,1,0.054545455,0.871428571
MalwareActivity,55,3,184,210,1,1,1,1,0.054545455,0.876190476
MalwareActivity,55,3,180,211,1,1,1,1,0.054545455,0.853080569
MalwareActivity,54,3,183,211,1,1,1,1,0.055555556,0.867298578
MalwareActivity,55,3,183,211,1,1,1,1,0.054545455,0.867298578
MalwareActivity,55,3,180,212,1,1,1,1,0.054545455,0.849056604
MalwareActivity,55,3,195,217,1,1,1,1,0.054545455,0.898617512
MalwareActivity,55,3,191,218,1,1,1,1,0.054545455,0.876146789
MalwareActivity,54,3,192,218,1,1,1,1,0.055555556,0.880733945
MalwareActivity,55,3,192,218,1,1,1,1,0.054545455,0.880733945
MalwareActivity,55,3,195,218,1,1,1,1,0.054545455,0.894495413
MalwareActivity_1110,55,4,60,0,1,1,1,0,0.072727273,0
MalwareActivity,55,4,53,1,1,1,1,1,0.072727273,53
MalwareActivity,56,4,53,1,1,1,1,1,0.071428571,53
MalwareActivity,55,4,53,2,1,1,1,1,0.072727273,26.5
MalwareActivity,56,4,53,2,1,1,1,1,0.071428571,26.5
MalwareActivity,56,4,54,2,1,1,1,1,0.071428571,27
MalwareActivity,57,4,62,2,1,1,1,1,0.070175439,31
MalwareActivity,54,4,53,3,1,1,1,1,0.074074074,17.66666667
MalwareActivity,56,4,54,3,1,1,1,1,0.071428571,18
MalwareActivity,57,4,54,3,1,1,1,1,0.070175439,18
MalwareActivity,56,4,58,3,1,1,1,1,0.071428571,19.33333333
MalwareActivity,44,4,42,4,1,1,1,1,0.090909091,10.5
MalwareActivity,58,4,54,4,1,1,1,1,0.068965517,13.5
MalwareActivity,59,4,55,4,1,1,1,1,0.06779661,13.75
MalwareActivity,54,4,56,4,1,1,1,1,0.074074074,14
MalwareActivity,56,4,56,4,1,1,1,1,0.071428571,14
MalwareActivity,57,4,56,4,1,1,1,1,0.070175439,14
MalwareActivity,58,4,56,4,1,1,1,1,0.068965517,14
MalwareActivity,57,4,58,4,1,1,1,1,0.070175439,14.5
MalwareActivity,41,4,42,5,1,1,1,1,0.097560976,8.4
MalwareActivity,42,4,42,5,1,1,1,1,0.095238095,8.4
MalwareActivity,43,4,42,5,1,1,1,1,0.093023256,8.4
MalwareActivity,55,4,55,5,1,1,1,1,0.072727273,11
MalwareActivity,54,4,56,5,1,1,1,1,0.074074074,11.2
MalwareActivity,57,4,56,5,1,1,1,1,0.070175439,11.2
MalwareActivity,58,4,57,5,1,1,1,1,0.068965517,11.4
MalwareActivity,59,4,57,5,1,1,1,1,0.06779661,11.4
MalwareActivity,55,4,58,5,1,1,1,1,0.072727273,11.6
MalwareActivity,58,4,58,5,1,1,1,1,0.068965517,11.6
MalwareActivity,41,4,43,6,1,1,1,1,0.097560976,7.166666667
MalwareActivity,54,4,57,6,1,1,1,1,0.074074074,9.5
MalwareActivity,55,4,57,6,1,1,1,1,0.072727273,9.5
MalwareActivity,56,4,57,6,1,1,1,1,0.071428571,9.5
MalwareActivity,54,4,58,6,1,1,1,1,0.074074074,9.666666667
MalwareActivity,55,4,58,6,1,1,1,1,0.072727273,9.666666667
MalwareActivity,55,4,59,6,1,1,1,1,0.072727273,9.833333333
MalwareActivity,54,4,57,7,1,1,1,1,0.074074074,8.142857143
MalwareActivity,54,4,58,7,1,1,1,1,0.074074074,8.285714286
MalwareActivity,55,4,58,7,1,1,1,1,0.072727273,8.285714286
MalwareActivity,54,4,59,7,1,1,1,1,0.074074074,8.428571429
MalwareActivity,56,4,59,7,1,1,1,1,0.071428571,8.428571429
MalwareActivity,56,4,55,8,1,1,1,1,0.071428571,6.875
MalwareActivity,57,4,55,8,1,1,1,1,0.070175439,6.875
MalwareActivity,58,4,55,8,1,1,1,1,0.068965517,6.875
MalwareActivity,54,4,58,8,1,1,1,1,0.074074074,7.25
MalwareActivity,55,4,58,8,1,1,1,1,0.072727273,7.25
MalwareActivity,56,4,58,8,1,1,1,1,0.071428571,7.25
MalwareActivity,54,4,59,8,1,1,1,1,0.074074074,7.375
MalwareActivity,55,4,59,8,1,1,1,1,0.072727273,7.375
MalwareActivity,54,4,60,8,1,1,1,1,0.074074074,7.5
MalwareActivity,42,4,46,9,1,1,1,1,0.095238095,5.111111111
MalwareActivity,56,4,53,9,1,1,1,1,0.071428571,5.888888889
MalwareActivity,58,4,57,9,1,1,1,1,0.068965517,6.333333333
MalwareActivity,54,4,58,9,1,1,1,1,0.074074074,6.444444444
MalwareActivity,55,4,58,9,1,1,1,1,0.072727273,6.444444444
MalwareActivity,54,4,59,9,1,1,1,1,0.074074074,6.555555556
MalwareActivity,55,4,59,9,1,1,1,1,0.072727273,6.555555556
MalwareActivity,54,4,60,9,1,1,1,1,0.074074074,6.666666667
MalwareActivity,55,4,60,9,1,1,1,1,0.072727273,6.666666667
MalwareActivity,55,4,59,10,1,1,1,1,0.072727273,5.9
MalwareActivity,54,4,60,10,1,1,1,1,0.074074074,6
MalwareActivity,55,4,60,10,1,1,1,1,0.072727273,6
MalwareActivity,56,4,60,10,1,1,1,1,0.071428571,6
MalwareActivity,56,4,58,11,1,1,1,1,0.071428571,5.272727273
MalwareActivity,55,4,54,12,1,1,1,1,0.072727273,4.5
MalwareActivity,54,4,60,12,1,1,1,1,0.074074074,5
MalwareActivity,54,4,61,12,1,1,1,1,0.074074074,5.083333333
MalwareActivity,54,4,61,13,1,1,1,1,0.074074074,4.692307692
MalwareActivity,54,4,62,13,1,1,1,1,0.074074074,4.769230769
MalwareActivity,55,4,62,13,1,1,1,1,0.072727273,4.769230769
MalwareActivity,54,4,63,13,1,1,1,1,0.074074074,4.846153846
MalwareActivity,54,4,60,14,1,1,1,1,0.074074074,4.285714286
MalwareActivity,55,4,60,14,1,1,1,1,0.072727273,4.285714286
MalwareActivity,55,4,61,14,1,1,1,1,0.072727273,4.357142857
MalwareActivity,56,4,65,14,1,1,1,1,0.071428571,4.642857143
MalwareActivity,55,4,60,15,1,1,1,1,0.072727273,4
MalwareActivity,54,4,61,15,1,1,1,1,0.074074074,4.066666667
MalwareActivity,55,4,61,15,1,1,1,1,0.072727273,4.066666667
MalwareActivity,54,4,62,15,1,1,1,1,0.074074074,4.133333333
MalwareActivity,55,4,62,15,1,1,1,1,0.072727273,4.133333333
MalwareActivity,55,4,63,15,1,1,1,1,0.072727273,4.2
MalwareActivity,56,4,63,15,1,1,1,1,0.071428571,4.2
MalwareActivity,56,4,66,15,1,1,1,1,0.071428571,4.4
MalwareActivity,56,4,67,15,1,1,1,1,0.071428571,4.466666667
MalwareActivity,56,4,69,15,1,1,1,1,0.071428571,4.6
MalwareActivity,56,4,70,15,1,1,1,1,0.071428571,4.666666667
MalwareActivity,55,4,62,16,1,1,1,1,0.072727273,3.875
MalwareActivity,54,4,60,17,1,1,1,1,0.074074074,3.529411765
MalwareActivity,54,4,61,17,1,1,1,1,0.074074074,3.588235294
MalwareActivity,55,4,61,17,1,1,1,1,0.072727273,3.588235294
MalwareActivity,54,4,63,17,1,1,1,1,0.074074074,3.705882353
MalwareActivity,54,4,61,18,1,1,1,1,0.074074074,3.388888889
MalwareActivity,54,4,62,18,1,1,1,1,0.074074074,3.444444444
MalwareActivity,54,4,62,19,1,1,1,1,0.074074074,3.263157895
MalwareActivity,56,4,70,21,1,1,1,1,0.071428571,3.333333333
MalwareActivity,55,4,70,26,1,1,1,1,0.072727273,2.692307692
MalwareActivity,56,4,70,26,1,1,1,1,0.071428571,2.692307692
MalwareActivity,54,4,66,31,1,1,1,1,0.074074074,2.129032258
MalwareActivity,54,4,67,31,1,1,1,1,0.074074074,2.161290323
MalwareActivity,54,4,67,32,1,1,1,1,0.074074074,2.09375
MalwareActivity,54,4,68,32,1,1,1,1,0.074074074,2.125
MalwareActivity,54,4,68,33,1,1,1,1,0.074074074,2.060606061
MalwareActivity,54,4,69,33,1,1,1,1,0.074074074,2.090909091
MalwareActivity,54,4,67,34,1,1,1,1,0.074074074,1.970588235
MalwareActivity,54,4,68,34,1,1,1,1,0.074074074,2
MalwareActivity,55,4,68,34,1,1,1,1,0.072727273,2
MalwareActivity,54,4,68,35,1,1,1,1,0.074074074,1.942857143
MalwareActivity,54,4,69,35,1,1,1,1,0.074074074,1.971428571
MalwareActivity,55,4,69,35,1,1,1,1,0.072727273,1.971428571
MalwareActivity,54,4,70,35,1,1,1,1,0.074074074,2
MalwareActivity,54,4,68,36,1,1,1,1,0.074074074,1.888888889
MalwareActivity,55,4,68,36,1,1,1,1,0.072727273,1.888888889
MalwareActivity,54,4,71,36,1,1,1,1,0.074074074,1.972222222
MalwareActivity,54,4,72,36,1,1,1,1,0.074074074,2
MalwareActivity,54,4,69,37,1,1,1,1,0.074074074,1.864864865
MalwareActivity,55,4,69,37,1,1,1,1,0.072727273,1.864864865
MalwareActivity,54,4,69,38,1,1,1,1,0.074074074,1.815789474
MalwareActivity,54,4,70,38,1,1,1,1,0.074074074,1.842105263
MalwareActivity,55,4,70,38,1,1,1,1,0.072727273,1.842105263
MalwareActivity,55,4,71,38,1,1,1,1,0.072727273,1.868421053
MalwareActivity,54,4,71,39,1,1,1,1,0.074074074,1.820512821
MalwareActivity,54,4,72,39,1,1,1,1,0.074074074,1.846153846
MalwareActivity,54,4,72,40,1,1,1,1,0.074074074,1.8
MalwareActivity,54,4,74,42,1,1,1,1,0.074074074,1.761904762
MalwareActivity,56,4,108,70,1,1,1,1,0.071428571,1.542857143
MalwareActivity,55,4,136,175,1,1,1,1,0.072727273,0.777142857
MalwareActivity,55,4,162,198,1,1,1,1,0.072727273,0.818181818
MalwareActivity,55,4,171,199,1,1,1,1,0.072727273,0.859296482
MalwareActivity,55,4,171,206,1,1,1,1,0.072727273,0.830097087
MalwareActivity,56,4,181,211,1,1,1,1,0.071428571,0.857819905
MalwareActivity,55,4,183,211,1,1,1,1,0.072727273,0.867298578
MalwareActivity,55,4,181,212,1,1,1,1,0.072727273,0.853773585
MalwareActivity,55,4,192,218,1,1,1,1,0.072727273,0.880733945
MalwareActivity,55,4,193,218,1,1,1,1,0.072727273,0.885321101
MalwareActivity,56,4,193,218,1,1,1,1,0.071428571,0.885321101
MalwareActivity,55,4,196,218,1,1,1,1,0.072727273,0.899082569
MalwareActivity,56,4,196,218,1,1,1,1,0.071428571,0.899082569
MalwareActivity,55,4,192,219,1,1,1,1,0.072727273,0.876712329
MalwareActivity,54,4,193,219,1,1,1,1,0.074074074,0.881278539
MalwareActivity,55,4,193,219,1,1,1,1,0.072727273,0.881278539
MalwareActivity,56,4,193,219,1,1,1,1,0.071428571,0.881278539
MalwareActivity,56,4,192,220,1,1,1,1,0.071428571,0.872727273
MalwareActivity,55,4,193,220,1,1,1,1,0.072727273,0.877272727
MalwareActivity,55,4,206,225,1,1,1,1,0.072727273,0.915555556
MalwareActivity,60,5,54,4,1,1,1,1,0.083333333,13.5
MalwareActivity,58,5,55,4,1,1,1,1,0.086206897,13.75
MalwareActivity,54,5,59,4,1,1,1,1,0.092592593,14.75
MalwareActivity,42,5,42,5,1,1,1,1,0.119047619,8.4
MalwareActivity,43,5,42,5,1,1,1,1,0.11627907,8.4
MalwareActivity,44,5,42,5,1,1,1,1,0.113636364,8.4
MalwareActivity,58,5,57,5,1,1,1,1,0.086206897,11.4
MalwareActivity,43,5,42,6,1,1,1,1,0.11627907,7
MalwareActivity,42,5,43,6,1,1,1,1,0.119047619,7.166666667
MalwareActivity,43,5,43,6,1,1,1,1,0.11627907,7.166666667
MalwareActivity,54,5,58,6,1,1,1,1,0.092592593,9.666666667
MalwareActivity,42,5,44,7,1,1,1,1,0.119047619,6.285714286
MalwareActivity,43,5,44,7,1,1,1,1,0.11627907,6.285714286
MalwareActivity,43,5,46,7,1,1,1,1,0.11627907,6.571428571
MalwareActivity,54,5,58,7,1,1,1,1,0.092592593,8.285714286
MalwareActivity,55,5,58,7,1,1,1,1,0.090909091,8.285714286
MalwareActivity,54,5,59,7,1,1,1,1,0.092592593,8.428571429
MalwareActivity,55,5,60,7,1,1,1,1,0.090909091,8.571428571
MalwareActivity,42,5,44,8,1,1,1,1,0.119047619,5.5
MalwareActivity,42,5,46,8,1,1,1,1,0.119047619,5.75
MalwareActivity,43,5,46,8,1,1,1,1,0.11627907,5.75
MalwareActivity,44,5,46,8,1,1,1,1,0.113636364,5.75
MalwareActivity,43,5,47,8,1,1,1,1,0.11627907,5.875
MalwareActivity,44,5,47,8,1,1,1,1,0.113636364,5.875
MalwareActivity,43,5,48,8,1,1,1,1,0.11627907,6
MalwareActivity,44,5,48,8,1,1,1,1,0.113636364,6
MalwareActivity,43,5,49,8,1,1,1,1,0.11627907,6.125
MalwareActivity,55,5,55,8,1,1,1,1,0.090909091,6.875
MalwareActivity,56,5,55,8,1,1,1,1,0.089285714,6.875
MalwareActivity,57,5,55,8,1,1,1,1,0.087719298,6.875
MalwareActivity,58,5,55,8,1,1,1,1,0.086206897,6.875
MalwareActivity,54,5,58,8,1,1,1,1,0.092592593,7.25
MalwareActivity,55,5,58,8,1,1,1,1,0.090909091,7.25
MalwareActivity,56,5,58,8,1,1,1,1,0.089285714,7.25
MalwareActivity,54,5,59,8,1,1,1,1,0.092592593,7.375
MalwareActivity,55,5,59,8,1,1,1,1,0.090909091,7.375
MalwareActivity,55,5,60,8,1,1,1,1,0.090909091,7.5
MalwareActivity,42,5,45,9,1,1,1,1,0.119047619,5
MalwareActivity,43,5,46,9,1,1,1,1,0.11627907,5.111111111
MalwareActivity,42,5,47,9,1,1,1,1,0.119047619,5.222222222
MalwareActivity,43,5,47,9,1,1,1,1,0.11627907,5.222222222
MalwareActivity,44,5,47,9,1,1,1,1,0.113636364,5.222222222
MalwareActivity,43,5,48,9,1,1,1,1,0.11627907,5.333333333
MalwareActivity,44,5,48,9,1,1,1,1,0.113636364,5.333333333
MalwareActivity,58,5,57,9,1,1,1,1,0.086206897,6.333333333
MalwareActivity,54,5,58,9,1,1,1,1,0.092592593,6.444444444
MalwareActivity,55,5,58,9,1,1,1,1,0.090909091,6.444444444
MalwareActivity,56,5,58,9,1,1,1,1,0.089285714,6.444444444
MalwareActivity,54,5,59,9,1,1,1,1,0.092592593,6.555555556
MalwareActivity,55,5,59,9,1,1,1,1,0.090909091,6.555555556
MalwareActivity,54,5,60,9,1,1,1,1,0.092592593,6.666666667
MalwareActivity,55,5,60,9,1,1,1,1,0.090909091,6.666666667
MalwareActivity,55,5,61,9,1,1,1,1,0.090909091,6.777777778
MalwareActivity,56,5,61,9,1,1,1,1,0.089285714,6.777777778
MalwareActivity,43,5,47,10,1,1,1,1,0.11627907,4.7
MalwareActivity,43,5,48,10,1,1,1,1,0.11627907,4.8
MalwareActivity,44,5,48,10,1,1,1,1,0.113636364,4.8
MalwareActivity,54,5,48,10,1,1,1,1,0.092592593,4.8
MalwareActivity,44,5,49,10,1,1,1,1,0.113636364,4.9
MalwareActivity,55,5,59,10,1,1,1,1,0.090909091,5.9
MalwareActivity,56,5,59,10,1,1,1,1,0.089285714,5.9
MalwareActivity,55,5,60,10,1,1,1,1,0.090909091,6
MalwareActivity,56,5,60,10,1,1,1,1,0.089285714,6
MalwareActivity,55,5,63,10,1,1,1,1,0.090909091,6.3
MalwareActivity,56,5,59,11,1,1,1,1,0.089285714,5.363636364
MalwareActivity,56,5,60,11,1,1,1,1,0.089285714,5.454545455
MalwareActivity,55,5,62,11,1,1,1,1,0.090909091,5.636363636
MalwareActivity,55,5,60,12,1,1,1,1,0.090909091,5
MalwareActivity,55,5,61,12,1,1,1,1,0.090909091,5.083333333
MalwareActivity,56,5,60,13,1,1,1,1,0.089285714,4.615384615
MalwareActivity,57,5,60,13,1,1,1,1,0.087719298,4.615384615
MalwareActivity,56,5,61,13,1,1,1,1,0.089285714,4.692307692
MalwareActivity,57,5,61,13,1,1,1,1,0.087719298,4.692307692
MalwareActivity,54,5,62,13,1,1,1,1,0.092592593,4.769230769
MalwareActivity,54,5,63,13,1,1,1,1,0.092592593,4.846153846
MalwareActivity,55,5,63,13,1,1,1,1,0.090909091,4.846153846
MalwareActivity,56,5,60,14,1,1,1,1,0.089285714,4.285714286
MalwareActivity,57,5,60,14,1,1,1,1,0.087719298,4.285714286
MalwareActivity,56,5,61,14,1,1,1,1,0.089285714,4.357142857
MalwareActivity,56,5,62,14,1,1,1,1,0.089285714,4.428571429
MalwareActivity,55,5,61,15,1,1,1,1,0.090909091,4.066666667
MalwareActivity,56,5,61,15,1,1,1,1,0.089285714,4.066666667
MalwareActivity,55,5,62,15,1,1,1,1,0.090909091,4.133333333
MalwareActivity,56,5,62,15,1,1,1,1,0.089285714,4.133333333
MalwareActivity,55,5,66,15,1,1,1,1,0.090909091,4.4
MalwareActivity,56,5,66,15,1,1,1,1,0.089285714,4.4
MalwareActivity,57,5,66,15,1,1,1,1,0.087719298,4.4
MalwareActivity,57,5,70,15,1,1,1,1,0.087719298,4.666666667
MalwareActivity,57,5,71,15,1,1,1,1,0.087719298,4.733333333
MalwareActivity,55,5,62,16,1,1,1,1,0.090909091,3.875
MalwareActivity,55,5,63,16,1,1,1,1,0.090909091,3.9375
MalwareActivity,55,5,64,16,1,1,1,1,0.090909091,4
MalwareActivity,56,5,67,16,1,1,1,1,0.089285714,4.1875
MalwareActivity,57,5,70,16,1,1,1,1,0.087719298,4.375
MalwareActivity,56,5,71,16,1,1,1,1,0.089285714,4.4375
MalwareActivity,57,5,71,16,1,1,1,1,0.087719298,4.4375
MalwareActivity,54,5,61,17,1,1,1,1,0.092592593,3.588235294
MalwareActivity,55,5,61,17,1,1,1,1,0.090909091,3.588235294
MalwareActivity,57,5,68,17,1,1,1,1,0.087719298,4
MalwareActivity,57,5,70,17,1,1,1,1,0.087719298,4.117647059
MalwareActivity,54,5,61,18,1,1,1,1,0.092592593,3.388888889
MalwareActivity,55,5,61,18,1,1,1,1,0.090909091,3.388888889
MalwareActivity,54,5,62,18,1,1,1,1,0.092592593,3.444444444
MalwareActivity,54,5,63,18,1,1,1,1,0.092592593,3.5
MalwareActivity,54,5,62,19,1,1,1,1,0.092592593,3.263157895
MalwareActivity,54,5,63,19,1,1,1,1,0.092592593,3.315789474
MalwareActivity,54,5,64,19,1,1,1,1,0.092592593,3.368421053
MalwareActivity,41,5,51,22,1,1,1,1,0.12195122,2.318181818
MalwareActivity,54,5,67,31,1,1,1,1,0.092592593,2.161290323
MalwareActivity,55,5,67,31,1,1,1,1,0.090909091,2.161290323
MalwareActivity,54,5,67,32,1,1,1,1,0.092592593,2.09375
MalwareActivity,54,5,68,33,1,1,1,1,0.092592593,2.060606061
MalwareActivity,54,5,69,33,1,1,1,1,0.092592593,2.090909091
MalwareActivity,54,5,67,34,1,1,1,1,0.092592593,1.970588235
MalwareActivity,54,5,68,34,1,1,1,1,0.092592593,2
MalwareActivity,55,5,68,34,1,1,1,1,0.090909091,2
MalwareActivity,54,5,68,35,1,1,1,1,0.092592593,1.942857143
MalwareActivity,55,5,68,35,1,1,1,1,0.090909091,1.942857143
MalwareActivity,55,5,68,36,1,1,1,1,0.090909091,1.888888889
MalwareActivity,54,5,69,36,1,1,1,1,0.092592593,1.916666667
MalwareActivity,54,5,70,36,1,1,1,1,0.092592593,1.944444444
MalwareActivity,54,5,69,37,1,1,1,1,0.092592593,1.864864865
MalwareActivity,55,5,69,37,1,1,1,1,0.090909091,1.864864865
MalwareActivity,55,5,70,38,1,1,1,1,0.090909091,1.842105263
MalwareActivity,55,5,71,38,1,1,1,1,0.090909091,1.868421053
MalwareActivity,55,5,74,38,1,1,1,1,0.090909091,1.947368421
MalwareActivity,55,5,75,38,1,1,1,1,0.090909091,1.973684211
MalwareActivity,55,5,71,39,1,1,1,1,0.090909091,1.820512821
MalwareActivity,54,5,74,39,1,1,1,1,0.092592593,1.897435897
MalwareActivity,55,5,76,41,1,1,1,1,0.090909091,1.853658537
MalwareActivity,54,5,75,42,1,1,1,1,0.092592593,1.785714286
MalwareActivity,55,5,80,45,1,1,1,1,0.090909091,1.777777778
MalwareActivity,57,5,72,48,1,1,1,1,0.087719298,1.5
MalwareActivity,56,5,75,52,1,1,1,1,0.089285714,1.442307692
MalwareActivity,55,5,75,56,1,1,1,1,0.090909091,1.339285714
MalwareActivity,56,5,75,56,1,1,1,1,0.089285714,1.339285714
MalwareActivity,56,5,74,57,1,1,1,1,0.089285714,1.298245614
MalwareActivity,41,5,89,58,1,1,1,1,0.12195122,1.534482759
MalwareActivity,55,5,74,73,1,1,1,1,0.090909091,1.01369863
MalwareActivity,56,5,76,76,1,1,1,1,0.089285714,1
MalwareActivity,54,5,80,94,1,1,1,1,0.092592593,0.85106383
MalwareActivity,55,5,80,94,1,1,1,1,0.090909091,0.85106383
MalwareActivity,54,5,80,95,1,1,1,1,0.092592593,0.842105263
MalwareActivity,55,5,80,95,1,1,1,1,0.090909091,0.842105263
MalwareActivity,55,5,81,95,1,1,1,1,0.090909091,0.852631579
MalwareActivity,55,5,84,103,1,1,1,1,0.090909091,0.815533981
MalwareActivity,55,5,145,150,1,1,1,1,0.090909091,0.966666667
MalwareActivity,56,5,158,155,1,1,1,1,0.089285714,1.019354839
MalwareActivity,56,5,162,158,1,1,1,1,0.089285714,1.025316456
MalwareActivity,56,5,162,159,1,1,1,1,0.089285714,1.018867925
MalwareActivity,55,5,168,161,1,1,1,1,0.090909091,1.043478261
MalwareActivity,56,5,168,161,1,1,1,1,0.089285714,1.043478261
MalwareActivity,55,5,175,163,1,1,1,1,0.090909091,1.073619632
MalwareActivity,56,5,175,163,1,1,1,1,0.089285714,1.073619632
MalwareActivity,55,5,145,190,1,1,1,1,0.090909091,0.763157895
MalwareActivity,55,5,169,199,1,1,1,1,0.090909091,0.849246231
MalwareActivity,56,5,161,201,1,1,1,1,0.089285714,0.800995025
MalwareActivity,55,5,171,206,1,1,1,1,0.090909091,0.830097087
MalwareActivity,55,5,192,218,1,1,1,1,0.090909091,0.880733945
MalwareActivity,56,5,193,219,1,1,1,1,0.089285714,0.881278539
MalwareActivity,55,5,207,224,1,1,1,1,0.090909091,0.924107143
MalwareActivity,56,5,210,224,1,1,1,1,0.089285714,0.9375
MalwareActivity,55,5,206,225,1,1,1,1,0.090909091,0.915555556
MalwareActivity,56,5,206,225,1,1,1,1,0.089285714,0.915555556
MalwareActivity,43,6,41,2,1,1,1,1,0.139534884,20.5
MalwareActivity,43,6,41,3,1,1,1,1,0.139534884,13.66666667
MalwareActivity,43,6,42,3,1,1,1,1,0.139534884,14
MalwareActivity,43,6,42,4,1,1,1,1,0.139534884,10.5
MalwareActivity,60,6,54,4,1,1,1,1,0.1,13.5
MalwareActivity,58,6,56,4,1,1,1,1,0.103448276,14
MalwareActivity,43,6,42,5,1,1,1,1,0.139534884,8.4
MalwareActivity,44,6,42,5,1,1,1,1,0.136363636,8.4
MalwareActivity,53,6,57,5,1,1,1,1,0.113207547,11.4
MalwareActivity,43,6,45,6,1,1,1,1,0.139534884,7.5
MalwareActivity,43,6,46,6,1,1,1,1,0.139534884,7.666666667
MalwareActivity,56,6,56,6,1,1,1,1,0.107142857,9.333333333
MalwareActivity,56,6,57,6,1,1,1,1,0.107142857,9.5
MalwareActivity,56,6,58,6,1,1,1,1,0.107142857,9.666666667
MalwareActivity,56,6,60,6,1,1,1,1,0.107142857,10
MalwareActivity,44,6,48,7,1,1,1,1,0.136363636,6.857142857
MalwareActivity,55,6,58,7,1,1,1,1,0.109090909,8.285714286
MalwareActivity,44,6,44,8,1,1,1,1,0.136363636,5.5
MalwareActivity,56,6,46,8,1,1,1,1,0.107142857,5.75
MalwareActivity,44,6,47,8,1,1,1,1,0.136363636,5.875
MalwareActivity,55,6,58,8,1,1,1,1,0.109090909,7.25
MalwareActivity,54,6,59,8,1,1,1,1,0.111111111,7.375
MalwareActivity,55,6,60,8,1,1,1,1,0.109090909,7.5
MalwareActivity,55,6,61,8,1,1,1,1,0.109090909,7.625
MalwareActivity,56,6,61,8,1,1,1,1,0.107142857,7.625
MalwareActivity,43,6,46,9,1,1,1,1,0.139534884,5.111111111
MalwareActivity,44,6,47,9,1,1,1,1,0.136363636,5.222222222
MalwareActivity,45,6,47,9,1,1,1,1,0.133333333,5.222222222
MalwareActivity,45,6,48,9,1,1,1,1,0.133333333,5.333333333
MalwareActivity,44,6,50,9,1,1,1,1,0.136363636,5.555555556
MalwareActivity,55,6,58,9,1,1,1,1,0.109090909,6.444444444
MalwareActivity,54,6,59,9,1,1,1,1,0.111111111,6.555555556
MalwareActivity,55,6,59,9,1,1,1,1,0.109090909,6.555555556
MalwareActivity,56,6,59,9,1,1,1,1,0.107142857,6.555555556
MalwareActivity,54,6,60,9,1,1,1,1,0.111111111,6.666666667
MalwareActivity,55,6,60,9,1,1,1,1,0.109090909,6.666666667
MalwareActivity,55,6,61,9,1,1,1,1,0.109090909,6.777777778
MalwareActivity,56,6,61,9,1,1,1,1,0.107142857,6.777777778
MalwareActivity,56,6,62,9,1,1,1,1,0.107142857,6.888888889
MalwareActivity,42,6,46,10,1,1,1,1,0.142857143,4.6
MalwareActivity,42,6,47,10,1,1,1,1,0.142857143,4.7
MalwareActivity,43,6,47,10,1,1,1,1,0.139534884,4.7
MalwareActivity,45,6,50,10,1,1,1,1,0.133333333,5
MalwareActivity,58,6,54,10,1,1,1,1,0.103448276,5.4
MalwareActivity,56,6,59,10,1,1,1,1,0.107142857,5.9
MalwareActivity,57,6,59,10,1,1,1,1,0.105263158,5.9
MalwareActivity,56,6,62,10,1,1,1,1,0.107142857,6.2
MalwareActivity,44,6,46,11,1,1,1,1,0.136363636,4.181818182
MalwareActivity,45,6,46,11,1,1,1,1,0.133333333,4.181818182
MalwareActivity,43,6,47,11,1,1,1,1,0.139534884,4.272727273
MalwareActivity,43,6,48,11,1,1,1,1,0.139534884,4.363636364
MalwareActivity,57,6,59,11,1,1,1,1,0.105263158,5.363636364
MalwareActivity,44,6,46,12,1,1,1,1,0.136363636,3.833333333
MalwareActivity,44,6,47,12,1,1,1,1,0.136363636,3.916666667
MalwareActivity,56,6,59,12,1,1,1,1,0.107142857,4.916666667
MalwareActivity,43,6,47,13,1,1,1,1,0.139534884,3.615384615
MalwareActivity,54,6,48,14,1,1,1,1,0.111111111,3.428571429
MalwareActivity,59,6,50,14,1,1,1,1,0.101694915,3.571428571
MalwareActivity,56,6,60,14,1,1,1,1,0.107142857,4.285714286
MalwareActivity,57,6,60,14,1,1,1,1,0.105263158,4.285714286
MalwareActivity,56,6,61,14,1,1,1,1,0.107142857,4.357142857
MalwareActivity,55,6,62,14,1,1,1,1,0.109090909,4.428571429
MalwareActivity,55,6,61,15,1,1,1,1,0.109090909,4.066666667
MalwareActivity,56,6,61,15,1,1,1,1,0.107142857,4.066666667
MalwareActivity,55,6,62,15,1,1,1,1,0.109090909,4.133333333
MalwareActivity,56,6,64,15,1,1,1,1,0.107142857,4.266666667
MalwareActivity,57,6,70,15,1,1,1,1,0.105263158,4.666666667
MalwareActivity,57,6,71,15,1,1,1,1,0.105263158,4.733333333
MalwareActivity,55,6,61,16,1,1,1,1,0.109090909,3.8125
MalwareActivity,55,6,63,16,1,1,1,1,0.109090909,3.9375
MalwareActivity,56,6,64,16,1,1,1,1,0.107142857,4
MalwareActivity,57,6,64,16,1,1,1,1,0.105263158,4
MalwareActivity,56,6,65,16,1,1,1,1,0.107142857,4.0625
MalwareActivity,57,6,65,16,1,1,1,1,0.105263158,4.0625
MalwareActivity,57,6,67,16,1,1,1,1,0.105263158,4.1875
MalwareActivity,57,6,68,16,1,1,1,1,0.105263158,4.25
MalwareActivity,58,6,68,16,1,1,1,1,0.103448276,4.25
MalwareActivity,57,6,69,16,1,1,1,1,0.105263158,4.3125
MalwareActivity,58,6,69,16,1,1,1,1,0.103448276,4.3125
MalwareActivity,57,6,70,16,1,1,1,1,0.105263158,4.375
MalwareActivity,57,6,71,16,1,1,1,1,0.105263158,4.4375
MalwareActivity,58,6,72,16,1,1,1,1,0.103448276,4.5
MalwareActivity,43,6,47,17,1,1,1,1,0.139534884,2.764705882
MalwareActivity,54,6,63,17,1,1,1,1,0.111111111,3.705882353
MalwareActivity,55,6,65,17,1,1,1,1,0.109090909,3.823529412
MalwareActivity,57,6,69,17,1,1,1,1,0.105263158,4.058823529
MalwareActivity,58,6,69,17,1,1,1,1,0.103448276,4.058823529
MalwareActivity,57,6,70,17,1,1,1,1,0.105263158,4.117647059
MalwareActivity,58,6,70,17,1,1,1,1,0.103448276,4.117647059
MalwareActivity,57,6,72,17,1,1,1,1,0.105263158,4.235294118
MalwareActivity,54,6,62,18,1,1,1,1,0.111111111,3.444444444
MalwareActivity,55,6,62,18,1,1,1,1,0.109090909,3.444444444
MalwareActivity,55,6,63,19,1,1,1,1,0.109090909,3.315789474
MalwareActivity,55,6,64,19,1,1,1,1,0.109090909,3.368421053
MalwareActivity,43,6,48,20,1,1,1,1,0.139534884,2.4
MalwareActivity,44,6,49,27,1,1,1,1,0.136363636,1.814814815
MalwareActivity,57,6,68,27,1,1,1,1,0.105263158,2.518518519
MalwareActivity,43,6,50,28,1,1,1,1,0.139534884,1.785714286
MalwareActivity,43,6,51,28,1,1,1,1,0.139534884,1.821428571
MalwareActivity,44,6,51,28,1,1,1,1,0.136363636,1.821428571
MalwareActivity,43,6,52,28,1,1,1,1,0.139534884,1.857142857
MalwareActivity,43,6,51,29,1,1,1,1,0.139534884,1.75862069
MalwareActivity,44,6,51,29,1,1,1,1,0.136363636,1.75862069
MalwareActivity,43,6,52,29,1,1,1,1,0.139534884,1.793103448
MalwareActivity,55,6,68,34,1,1,1,1,0.109090909,2
MalwareActivity,55,6,68,35,1,1,1,1,0.109090909,1.942857143
MalwareActivity,55,6,71,39,1,1,1,1,0.109090909,1.820512821
MalwareActivity,55,6,77,43,1,1,1,1,0.109090909,1.790697674
MalwareActivity,55,6,78,44,1,1,1,1,0.109090909,1.772727273
MalwareActivity,43,6,58,46,1,1,1,1,0.139534884,1.260869565
MalwareActivity,57,6,71,47,1,1,1,1,0.105263158,1.510638298
MalwareActivity,55,6,71,51,1,1,1,1,0.109090909,1.392156863
MalwareActivity,58,6,77,51,1,1,1,1,0.103448276,1.509803922
MalwareActivity,58,6,75,52,1,1,1,1,0.103448276,1.442307692
MalwareActivity,56,6,74,54,1,1,1,1,0.107142857,1.37037037
MalwareActivity,55,6,84,54,1,1,1,1,0.109090909,1.555555556
MalwareActivity,55,6,72,55,1,1,1,1,0.109090909,1.309090909
MalwareActivity,56,6,75,56,1,1,1,1,0.107142857,1.339285714
MalwareActivity,56,6,77,58,1,1,1,1,0.107142857,1.327586207
MalwareActivity,56,6,78,58,1,1,1,1,0.107142857,1.344827586
MalwareActivity,57,6,78,58,1,1,1,1,0.105263158,1.344827586
MalwareActivity,75,6,69,59,1,1,1,1,0.08,1.169491525
MalwareActivity,57,6,75,59,1,1,1,1,0.105263158,1.271186441
MalwareActivity,56,6,76,59,1,1,1,1,0.107142857,1.288135593
MalwareActivity,56,6,77,59,1,1,1,1,0.107142857,1.305084746
MalwareActivity,57,6,77,59,1,1,1,1,0.105263158,1.305084746
MalwareActivity,57,6,78,59,1,1,1,1,0.105263158,1.322033898
MalwareActivity,57,6,78,61,1,1,1,1,0.105263158,1.278688525
MalwareActivity,57,6,79,61,1,1,1,1,0.105263158,1.295081967
MalwareActivity,58,6,79,61,1,1,1,1,0.103448276,1.295081967
MalwareActivity,57,6,80,61,1,1,1,1,0.105263158,1.31147541
MalwareActivity,56,6,82,63,1,1,1,1,0.107142857,1.301587302
MalwareActivity,56,6,78,78,1,1,1,1,0.107142857,1
MalwareActivity,55,6,79,81,1,1,1,1,0.109090909,0.975308642
MalwareActivity,56,6,80,81,1,1,1,1,0.107142857,0.987654321
MalwareActivity,43,6,64,82,1,1,1,1,0.139534884,0.780487805
MalwareActivity,57,6,102,90,1,1,1,1,0.105263158,1.133333333
MalwareActivity,55,6,78,91,1,1,1,1,0.109090909,0.857142857
MalwareActivity,55,6,79,91,1,1,1,1,0.109090909,0.868131868
MalwareActivity,56,6,79,93,1,1,1,1,0.107142857,0.849462366
MalwareActivity,55,6,80,94,1,1,1,1,0.109090909,0.85106383
MalwareActivity,56,6,107,125,1,1,1,1,0.107142857,0.856
MalwareActivity,43,6,97,153,1,1,1,1,0.139534884,0.633986928
MalwareActivity,43,6,99,155,1,1,1,1,0.139534884,0.638709677
MalwareActivity,56,6,157,156,1,1,1,1,0.107142857,1.006410256
MalwareActivity,43,6,101,157,1,1,1,1,0.139534884,0.643312102
MalwareActivity,56,6,162,158,1,1,1,1,0.107142857,1.025316456
MalwareActivity,56,6,168,161,1,1,1,1,0.107142857,1.043478261
MalwareActivity,56,6,175,163,1,1,1,1,0.107142857,1.073619632
MalwareActivity,45,6,143,193,1,1,1,1,0.133333333,0.740932642
MalwareActivity,56,6,207,225,1,1,1,1,0.107142857,0.92
MalwareActivity,56,6,162,227,1,1,1,1,0.107142857,0.713656388
MalwareActivity,55,6,634,790,1,1,1,1,0.109090909,0.802531646
MalwareActivity,55,6,887,1666,1,1,1,1,0.109090909,0.532412965
MalwareActivity_1110,54,7,44,0,1,1,1,0,0.12962963,0
MalwareActivity_1110,55,7,44,0,1,1,1,0,0.127272727,0
MalwareActivity_1110,54,7,48,0,1,1,1,0,0.12962963,0
MalwareActivity_1110,55,7,48,0,1,1,1,0,0.127272727,0
MalwareActivity_1110,55,7,52,0,1,1,1,0,0.127272727,0
MalwareActivity,55,7,42,2,1,1,1,1,0.127272727,21
MalwareActivity,56,7,42,2,1,1,1,1,0.125,21
MalwareActivity,57,7,54,4,1,1,1,1,0.122807018,13.5
MalwareActivity,58,7,54,4,1,1,1,1,0.120689655,13.5
MalwareActivity,58,7,56,4,1,1,1,1,0.120689655,14
MalwareActivity,57,7,57,4,1,1,1,1,0.122807018,14.25
MalwareActivity,65,7,56,5,1,1,1,1,0.107692308,11.2
MalwareActivity,44,7,45,6,1,1,1,1,0.159090909,7.5
MalwareActivity,46,7,45,6,1,1,1,1,0.152173913,7.5
MalwareActivity,56,7,56,6,1,1,1,1,0.125,9.333333333
MalwareActivity,57,7,56,6,1,1,1,1,0.122807018,9.333333333
MalwareActivity,54,7,57,6,1,1,1,1,0.12962963,9.5
MalwareActivity,57,7,57,6,1,1,1,1,0.122807018,9.5
MalwareActivity,58,7,57,6,1,1,1,1,0.120689655,9.5
MalwareActivity,44,7,45,7,1,1,1,1,0.159090909,6.428571429
MalwareActivity,44,7,49,8,1,1,1,1,0.159090909,6.125
MalwareActivity,56,7,60,8,1,1,1,1,0.125,7.5
MalwareActivity,43,7,44,9,1,1,1,1,0.162790698,4.888888889
MalwareActivity,43,7,45,9,1,1,1,1,0.162790698,5
MalwareActivity,44,7,45,9,1,1,1,1,0.159090909,5
MalwareActivity,44,7,49,9,1,1,1,1,0.159090909,5.444444444
MalwareActivity,44,7,50,9,1,1,1,1,0.159090909,5.555555556
MalwareActivity,55,7,58,9,1,1,1,1,0.127272727,6.444444444
MalwareActivity,56,7,59,9,1,1,1,1,0.125,6.555555556
MalwareActivity,56,7,62,9,1,1,1,1,0.125,6.888888889
MalwareActivity,43,7,45,10,1,1,1,1,0.162790698,4.5
MalwareActivity,44,7,45,10,1,1,1,1,0.159090909,4.5
MalwareActivity,42,7,46,10,1,1,1,1,0.166666667,4.6
MalwareActivity,43,7,46,10,1,1,1,1,0.162790698,4.6
MalwareActivity,44,7,46,10,1,1,1,1,0.159090909,4.6
MalwareActivity,45,7,46,10,1,1,1,1,0.155555556,4.6
MalwareActivity,43,7,47,10,1,1,1,1,0.162790698,4.7
MalwareActivity,44,7,50,10,1,1,1,1,0.159090909,5
MalwareActivity,45,7,50,10,1,1,1,1,0.155555556,5
MalwareActivity,57,7,50,10,1,1,1,1,0.122807018,5
MalwareActivity,57,7,54,10,1,1,1,1,0.122807018,5.4
MalwareActivity,58,7,54,10,1,1,1,1,0.120689655,5.4
MalwareActivity,59,7,54,10,1,1,1,1,0.118644068,5.4
MalwareActivity,43,7,46,11,1,1,1,1,0.162790698,4.181818182
MalwareActivity,44,7,46,11,1,1,1,1,0.159090909,4.181818182
MalwareActivity,43,7,47,11,1,1,1,1,0.162790698,4.272727273
MalwareActivity,43,7,48,11,1,1,1,1,0.162790698,4.363636364
MalwareActivity,44,7,48,11,1,1,1,1,0.159090909,4.363636364
MalwareActivity,44,7,50,11,1,1,1,1,0.159090909,4.545454545
MalwareActivity,57,7,59,11,1,1,1,1,0.122807018,5.363636364
MalwareActivity,43,7,46,12,1,1,1,1,0.162790698,3.833333333
MalwareActivity,44,7,46,12,1,1,1,1,0.159090909,3.833333333
MalwareActivity,45,7,46,12,1,1,1,1,0.155555556,3.833333333
MalwareActivity,45,7,47,12,1,1,1,1,0.155555556,3.916666667
MalwareActivity,44,7,48,12,1,1,1,1,0.159090909,4
MalwareActivity,45,7,48,12,1,1,1,1,0.155555556,4
MalwareActivity,45,7,49,12,1,1,1,1,0.155555556,4.083333333
MalwareActivity,57,7,61,13,1,1,1,1,0.122807018,4.692307692
MalwareActivity,43,7,47,14,1,1,1,1,0.162790698,3.357142857
MalwareActivity,58,7,60,14,1,1,1,1,0.120689655,4.285714286
MalwareActivity,56,7,61,14,1,1,1,1,0.125,4.357142857
MalwareActivity,57,7,61,14,1,1,1,1,0.122807018,4.357142857
MalwareActivity,57,7,61,15,1,1,1,1,0.122807018,4.066666667
MalwareActivity,56,7,64,15,1,1,1,1,0.125,4.266666667
MalwareActivity,44,7,53,16,1,1,1,1,0.159090909,3.3125
MalwareActivity,56,7,65,16,1,1,1,1,0.125,4.0625
MalwareActivity,58,7,68,16,1,1,1,1,0.120689655,4.25
MalwareActivity,58,7,69,16,1,1,1,1,0.120689655,4.3125
MalwareActivity,59,7,69,16,1,1,1,1,0.118644068,4.3125
MalwareActivity,57,7,70,16,1,1,1,1,0.122807018,4.375
MalwareActivity,58,7,70,16,1,1,1,1,0.120689655,4.375
MalwareActivity,57,7,71,16,1,1,1,1,0.122807018,4.4375
MalwareActivity,58,7,71,16,1,1,1,1,0.120689655,4.4375
MalwareActivity,58,7,63,17,1,1,1,1,0.120689655,3.705882353
MalwareActivity,58,7,69,17,1,1,1,1,0.120689655,4.058823529
MalwareActivity,57,7,70,17,1,1,1,1,0.122807018,4.117647059
MalwareActivity,58,7,70,17,1,1,1,1,0.120689655,4.117647059
MalwareActivity,57,7,72,17,1,1,1,1,0.122807018,4.235294118
MalwareActivity,58,7,72,17,1,1,1,1,0.120689655,4.235294118
MalwareActivity,55,7,61,18,1,1,1,1,0.127272727,3.388888889
MalwareActivity,58,7,69,18,1,1,1,1,0.120689655,3.833333333
MalwareActivity,58,7,70,18,1,1,1,1,0.120689655,3.888888889
MalwareActivity,58,7,71,18,1,1,1,1,0.120689655,3.944444444
MalwareActivity,43,7,46,20,1,1,1,1,0.162790698,2.3
MalwareActivity,43,7,47,20,1,1,1,1,0.162790698,2.35
MalwareActivity,43,7,47,21,1,1,1,1,0.162790698,2.238095238
MalwareActivity,56,7,65,21,1,1,1,1,0.125,3.095238095
MalwareActivity,45,7,47,22,1,1,1,1,0.155555556,2.136363636
MalwareActivity,43,7,48,22,1,1,1,1,0.162790698,2.181818182
MalwareActivity,44,7,48,22,1,1,1,1,0.159090909,2.181818182
MalwareActivity,44,7,48,23,1,1,1,1,0.159090909,2.086956522
MalwareActivity,44,7,54,26,1,1,1,1,0.159090909,2.076923077
MalwareActivity,43,7,52,28,1,1,1,1,0.162790698,1.857142857
MalwareActivity,44,7,52,28,1,1,1,1,0.159090909,1.857142857
MalwareActivity,46,7,66,32,1,1,1,1,0.152173913,2.0625
MalwareActivity,57,7,74,46,1,1,1,1,0.122807018,1.608695652
MalwareActivity,57,7,77,51,1,1,1,1,0.122807018,1.509803922
MalwareActivity,58,7,77,51,1,1,1,1,0.120689655,1.509803922
MalwareActivity,57,7,80,51,1,1,1,1,0.122807018,1.568627451
MalwareActivity,55,7,72,53,1,1,1,1,0.127272727,1.358490566
MalwareActivity,56,7,72,53,1,1,1,1,0.125,1.358490566
MalwareActivity,55,7,75,56,1,1,1,1,0.127272727,1.339285714
MalwareActivity,56,7,75,56,1,1,1,1,0.125,1.339285714
MalwareActivity,56,7,76,56,1,1,1,1,0.125,1.357142857
MalwareActivity,56,7,73,57,1,1,1,1,0.125,1.280701754
MalwareActivity,55,7,75,57,1,1,1,1,0.127272727,1.315789474
MalwareActivity,56,7,76,58,1,1,1,1,0.125,1.310344828
MalwareActivity,56,7,77,58,1,1,1,1,0.125,1.327586207
MalwareActivity,57,7,78,58,1,1,1,1,0.122807018,1.344827586
MalwareActivity,55,7,75,59,1,1,1,1,0.127272727,1.271186441
MalwareActivity,57,7,76,59,1,1,1,1,0.122807018,1.288135593
MalwareActivity,56,7,77,59,1,1,1,1,0.125,1.305084746
MalwareActivity,57,7,75,61,1,1,1,1,0.122807018,1.229508197
MalwareActivity,57,7,76,61,1,1,1,1,0.122807018,1.245901639
MalwareActivity,57,7,79,61,1,1,1,1,0.122807018,1.295081967
MalwareActivity,56,7,82,63,1,1,1,1,0.125,1.301587302
MalwareActivity,57,7,82,63,1,1,1,1,0.122807018,1.301587302
MalwareActivity,58,7,82,63,1,1,1,1,0.120689655,1.301587302
MalwareActivity,57,7,90,70,1,1,1,1,0.122807018,1.285714286
MalwareActivity,57,7,86,72,1,1,1,1,0.122807018,1.194444444
MalwareActivity,57,7,84,73,1,1,1,1,0.122807018,1.150684932
MalwareActivity,44,7,63,74,1,1,1,1,0.159090909,0.851351351
MalwareActivity,45,7,63,74,1,1,1,1,0.155555556,0.851351351
MalwareActivity,44,7,62,76,1,1,1,1,0.159090909,0.815789474
MalwareActivity,44,7,63,76,1,1,1,1,0.159090909,0.828947368
MalwareActivity,44,7,63,77,1,1,1,1,0.159090909,0.818181818
MalwareActivity,45,7,63,77,1,1,1,1,0.155555556,0.818181818
MalwareActivity,43,7,64,80,1,1,1,1,0.162790698,0.8
MalwareActivity,44,7,64,80,1,1,1,1,0.159090909,0.8
MalwareActivity,45,7,64,80,1,1,1,1,0.155555556,0.8
MalwareActivity,44,7,66,84,1,1,1,1,0.159090909,0.785714286
MalwareActivity,45,7,66,84,1,1,1,1,0.155555556,0.785714286
MalwareActivity,43,7,65,93,1,1,1,1,0.162790698,0.698924731
MalwareActivity,57,7,99,102,1,1,1,1,0.122807018,0.970588235
MalwareActivity,43,7,73,114,1,1,1,1,0.162790698,0.640350877
MalwareActivity,57,7,136,138,1,1,1,1,0.122807018,0.985507246
MalwareActivity,43,7,88,141,1,1,1,1,0.162790698,0.624113475
MalwareActivity,57,7,125,141,1,1,1,1,0.122807018,0.886524823
MalwareActivity,57,7,126,142,1,1,1,1,0.122807018,0.887323944
MalwareActivity,43,7,92,146,1,1,1,1,0.162790698,0.630136986
MalwareActivity,44,7,92,146,1,1,1,1,0.159090909,0.630136986
MalwareActivity,44,7,94,150,1,1,1,1,0.159090909,0.626666667
MalwareActivity,43,7,96,151,1,1,1,1,0.162790698,0.635761589
MalwareActivity,44,7,96,151,1,1,1,1,0.159090909,0.635761589
MalwareActivity,57,7,130,151,1,1,1,1,0.122807018,0.860927152
MalwareActivity,43,7,97,153,1,1,1,1,0.162790698,0.633986928
MalwareActivity,44,7,97,153,1,1,1,1,0.159090909,0.633986928
MalwareActivity,43,7,99,155,1,1,1,1,0.162790698,0.638709677
MalwareActivity,44,7,99,155,1,1,1,1,0.159090909,0.638709677
MalwareActivity,43,7,101,157,1,1,1,1,0.162790698,0.643312102
MalwareActivity,44,7,101,157,1,1,1,1,0.159090909,0.643312102
MalwareActivity,57,7,162,158,1,1,1,1,0.122807018,1.025316456
MalwareActivity,43,7,103,159,1,1,1,1,0.162790698,0.647798742
MalwareActivity,44,7,103,159,1,1,1,1,0.159090909,0.647798742
MalwareActivity,43,7,105,161,1,1,1,1,0.162790698,0.652173913
MalwareActivity,57,7,135,161,1,1,1,1,0.122807018,0.838509317
MalwareActivity,57,7,169,161,1,1,1,1,0.122807018,1.049689441
MalwareActivity,57,7,144,164,1,1,1,1,0.122807018,0.87804878
MalwareActivity,57,7,138,168,1,1,1,1,0.122807018,0.821428571
MalwareActivity,58,7,153,168,1,1,1,1,0.120689655,0.910714286
MalwareActivity,57,7,139,169,1,1,1,1,0.122807018,0.822485207
MalwareActivity,57,7,150,191,1,1,1,1,0.122807018,0.785340314
MalwareActivity,57,7,152,194,1,1,1,1,0.122807018,0.783505155
MalwareActivity,57,7,180,196,1,1,1,1,0.122807018,0.918367347
MalwareActivity,57,7,170,219,1,1,1,1,0.122807018,0.776255708
MalwareActivity,57,7,175,230,1,1,1,1,0.122807018,0.760869565
MalwareActivity,56,7,175,241,1,1,1,1,0.125,0.726141079
MalwareActivity,57,7,175,241,1,1,1,1,0.122807018,0.726141079
MalwareActivity,56,7,183,243,1,1,1,1,0.125,0.75308642
MalwareActivity,57,7,178,247,1,1,1,1,0.122807018,0.720647773
MalwareActivity,56,7,158,272,1,1,1,1,0.125,0.580882353
MalwareActivity,57,7,223,290,1,1,1,1,0.122807018,0.768965517
MalwareActivity,56,7,237,368,1,1,1,1,0.125,0.644021739
MalwareActivity,57,7,243,377,1,1,1,1,0.122807018,0.644562334
MalwareActivity,56,7,417,613,1,1,1,1,0.125,0.680261011
MalwareActivity,56,7,483,672,1,1,1,1,0.125,0.71875
MalwareActivity,56,7,473,675,1,1,1,1,0.125,0.700740741
MalwareActivity,56,7,417,716,1,1,1,1,0.125,0.582402235
MalwareActivity,56,7,418,721,1,1,1,1,0.125,0.579750347
MalwareActivity,56,7,537,833,1,1,1,1,0.125,0.644657863
MalwareActivity,57,7,1446,1960,1,1,1,1,0.122807018,0.737755102
MalwareActivity,54,8,42,2,1,1,1,1,0.148148148,21
MalwareActivity,55,8,42,2,1,1,1,1,0.145454545,21
MalwareActivity,54,8,54,3,1,1,1,1,0.148148148,18
MalwareActivity,58,8,54,4,1,1,1,1,0.137931034,13.5
MalwareActivity,60,8,54,4,1,1,1,1,0.133333333,13.5
MalwareActivity,63,8,54,4,1,1,1,1,0.126984127,13.5
MalwareActivity,60,8,56,4,1,1,1,1,0.133333333,14
MalwareActivity,45,8,45,6,1,1,1,1,0.177777778,7.5
MalwareActivity,46,8,45,6,1,1,1,1,0.173913043,7.5
MalwareActivity,48,8,45,6,1,1,1,1,0.166666667,7.5
MalwareActivity,56,8,57,6,1,1,1,1,0.142857143,9.5
MalwareActivity,58,8,57,6,1,1,1,1,0.137931034,9.5
MalwareActivity,55,8,58,6,1,1,1,1,0.145454545,9.666666667
MalwareActivity,58,8,58,6,1,1,1,1,0.137931034,9.666666667
MalwareActivity,59,8,58,6,1,1,1,1,0.13559322,9.666666667
MalwareActivity,44,8,45,7,1,1,1,1,0.181818182,6.428571429
MalwareActivity,45,8,45,7,1,1,1,1,0.177777778,6.428571429
MalwareActivity,58,8,57,7,1,1,1,1,0.137931034,8.142857143
MalwareActivity,44,8,45,8,1,1,1,1,0.181818182,5.625
MalwareActivity,45,8,45,8,1,1,1,1,0.177777778,5.625
MalwareActivity,46,8,45,8,1,1,1,1,0.173913043,5.625
MalwareActivity,47,8,45,8,1,1,1,1,0.170212766,5.625
MalwareActivity,44,8,46,8,1,1,1,1,0.181818182,5.75
MalwareActivity,45,8,46,8,1,1,1,1,0.177777778,5.75
MalwareActivity,46,8,46,8,1,1,1,1,0.173913043,5.75
MalwareActivity,44,8,44,9,1,1,1,1,0.181818182,4.888888889
MalwareActivity,45,8,45,10,1,1,1,1,0.177777778,4.5
MalwareActivity,44,8,47,10,1,1,1,1,0.181818182,4.7
MalwareActivity,58,8,50,10,1,1,1,1,0.137931034,5
MalwareActivity,57,8,54,10,1,1,1,1,0.140350877,5.4
MalwareActivity,59,8,54,10,1,1,1,1,0.13559322,5.4
MalwareActivity,43,8,45,11,1,1,1,1,0.186046512,4.090909091
MalwareActivity,44,8,45,11,1,1,1,1,0.181818182,4.090909091
MalwareActivity,44,8,46,11,1,1,1,1,0.181818182,4.181818182
MalwareActivity,46,8,47,11,1,1,1,1,0.173913043,4.272727273
MalwareActivity,47,8,47,11,1,1,1,1,0.170212766,4.272727273
MalwareActivity,46,8,49,11,1,1,1,1,0.173913043,4.454545455
MalwareActivity,58,8,54,11,1,1,1,1,0.137931034,4.909090909
MalwareActivity,44,8,46,12,1,1,1,1,0.181818182,3.833333333
MalwareActivity,45,8,46,12,1,1,1,1,0.177777778,3.833333333
MalwareActivity,46,8,46,12,1,1,1,1,0.173913043,3.833333333
MalwareActivity,44,8,47,12,1,1,1,1,0.181818182,3.916666667
MalwareActivity,45,8,47,12,1,1,1,1,0.177777778,3.916666667
MalwareActivity,46,8,47,12,1,1,1,1,0.173913043,3.916666667
MalwareActivity,45,8,48,12,1,1,1,1,0.177777778,4
MalwareActivity,46,8,48,12,1,1,1,1,0.173913043,4
MalwareActivity,45,8,49,12,1,1,1,1,0.177777778,4.083333333
MalwareActivity,45,8,48,13,1,1,1,1,0.177777778,3.692307692
MalwareActivity,57,8,61,14,1,1,1,1,0.140350877,4.357142857
MalwareActivity,57,8,69,15,1,1,1,1,0.140350877,4.6
MalwareActivity,57,8,66,16,1,1,1,1,0.140350877,4.125
MalwareActivity,57,8,67,16,1,1,1,1,0.140350877,4.1875
MalwareActivity,58,8,68,16,1,1,1,1,0.137931034,4.25
MalwareActivity,59,8,68,16,1,1,1,1,0.13559322,4.25
MalwareActivity,57,8,69,16,1,1,1,1,0.140350877,4.3125
MalwareActivity,58,8,70,16,1,1,1,1,0.137931034,4.375
MalwareActivity,59,8,70,16,1,1,1,1,0.13559322,4.375
MalwareActivity,43,8,53,17,1,1,1,1,0.186046512,3.117647059
MalwareActivity,44,8,53,17,1,1,1,1,0.181818182,3.117647059
MalwareActivity,58,8,72,17,1,1,1,1,0.137931034,4.235294118
MalwareActivity,58,8,69,18,1,1,1,1,0.137931034,3.833333333
MalwareActivity,58,8,71,18,1,1,1,1,0.137931034,3.944444444
MalwareActivity,44,8,46,21,1,1,1,1,0.181818182,2.19047619
MalwareActivity,45,8,47,21,1,1,1,1,0.177777778,2.238095238
MalwareActivity,45,8,48,21,1,1,1,1,0.177777778,2.285714286
MalwareActivity,45,8,48,22,1,1,1,1,0.177777778,2.181818182
MalwareActivity,54,8,49,23,1,1,1,1,0.148148148,2.130434783
MalwareActivity,56,8,75,56,1,1,1,1,0.142857143,1.339285714
MalwareActivity,56,8,76,56,1,1,1,1,0.142857143,1.357142857
MalwareActivity,57,8,83,57,1,1,1,1,0.140350877,1.456140351
MalwareActivity,56,8,75,58,1,1,1,1,0.142857143,1.293103448
MalwareActivity,56,8,76,58,1,1,1,1,0.142857143,1.310344828
MalwareActivity,56,8,77,58,1,1,1,1,0.142857143,1.327586207
MalwareActivity,57,8,77,58,1,1,1,1,0.140350877,1.327586207
MalwareActivity,57,8,78,58,1,1,1,1,0.140350877,1.344827586
MalwareActivity,57,8,77,59,1,1,1,1,0.140350877,1.305084746
MalwareActivity,57,8,77,61,1,1,1,1,0.140350877,1.262295082
MalwareActivity,57,8,78,61,1,1,1,1,0.140350877,1.278688525
MalwareActivity,56,8,79,61,1,1,1,1,0.142857143,1.295081967
MalwareActivity,57,8,79,61,1,1,1,1,0.140350877,1.295081967
MalwareActivity,58,8,79,61,1,1,1,1,0.137931034,1.295081967
MalwareActivity,57,8,80,61,1,1,1,1,0.140350877,1.31147541
MalwareActivity,58,8,80,61,1,1,1,1,0.137931034,1.31147541
MalwareActivity,57,8,79,63,1,1,1,1,0.140350877,1.253968254
MalwareActivity,57,8,80,63,1,1,1,1,0.140350877,1.26984127
MalwareActivity,57,8,82,64,1,1,1,1,0.140350877,1.28125
MalwareActivity,58,8,82,64,1,1,1,1,0.137931034,1.28125
MalwareActivity,58,8,83,64,1,1,1,1,0.137931034,1.296875
MalwareActivity,59,8,93,68,1,1,1,1,0.13559322,1.367647059
MalwareActivity,57,8,85,73,1,1,1,1,0.140350877,1.164383562
MalwareActivity,44,8,62,74,1,1,1,1,0.181818182,0.837837838
MalwareActivity,45,8,62,76,1,1,1,1,0.177777778,0.815789474
MalwareActivity,44,8,62,77,1,1,1,1,0.181818182,0.805194805
MalwareActivity,45,8,62,77,1,1,1,1,0.177777778,0.805194805
MalwareActivity,44,8,63,77,1,1,1,1,0.181818182,0.818181818
MalwareActivity,45,8,63,77,1,1,1,1,0.177777778,0.818181818
MalwareActivity,44,8,64,77,1,1,1,1,0.181818182,0.831168831
MalwareActivity,45,8,64,77,1,1,1,1,0.177777778,0.831168831
MalwareActivity,54,8,86,77,1,1,1,1,0.148148148,1.116883117
MalwareActivity,46,8,64,78,1,1,1,1,0.173913043,0.820512821
MalwareActivity,44,8,63,79,1,1,1,1,0.181818182,0.797468354
MalwareActivity,45,8,63,79,1,1,1,1,0.177777778,0.797468354
MalwareActivity,46,8,63,79,1,1,1,1,0.173913043,0.797468354
MalwareActivity,44,8,64,79,1,1,1,1,0.181818182,0.810126582
MalwareActivity,46,8,64,79,1,1,1,1,0.173913043,0.810126582
MalwareActivity,44,8,64,80,1,1,1,1,0.181818182,0.8
MalwareActivity,45,8,64,80,1,1,1,1,0.177777778,0.8
MalwareActivity,46,8,64,80,1,1,1,1,0.173913043,0.8
MalwareActivity,46,8,66,80,1,1,1,1,0.173913043,0.825
MalwareActivity,44,8,65,82,1,1,1,1,0.181818182,0.792682927
MalwareActivity,45,8,65,82,1,1,1,1,0.177777778,0.792682927
MalwareActivity,46,8,65,82,1,1,1,1,0.173913043,0.792682927
MalwareActivity,44,8,60,84,1,1,1,1,0.181818182,0.714285714
MalwareActivity,45,8,60,84,1,1,1,1,0.177777778,0.714285714
MalwareActivity,46,8,60,84,1,1,1,1,0.173913043,0.714285714
MalwareActivity,44,8,63,84,1,1,1,1,0.181818182,0.75
MalwareActivity,45,8,67,84,1,1,1,1,0.177777778,0.797619048
MalwareActivity,46,8,62,88,1,1,1,1,0.173913043,0.704545455
MalwareActivity,44,8,64,89,1,1,1,1,0.181818182,0.719101124
MalwareActivity,43,8,64,91,1,1,1,1,0.186046512,0.703296703
MalwareActivity,44,8,64,91,1,1,1,1,0.181818182,0.703296703
MalwareActivity,44,8,65,91,1,1,1,1,0.181818182,0.714285714
MalwareActivity,43,8,65,93,1,1,1,1,0.186046512,0.698924731
MalwareActivity,44,8,65,93,1,1,1,1,0.181818182,0.698924731
MalwareActivity,44,8,66,93,1,1,1,1,0.181818182,0.709677419
MalwareActivity,43,8,66,94,1,1,1,1,0.186046512,0.70212766
MalwareActivity,44,8,66,94,1,1,1,1,0.181818182,0.70212766
MalwareActivity,45,8,66,94,1,1,1,1,0.177777778,0.70212766
MalwareActivity,44,8,67,94,1,1,1,1,0.181818182,0.712765957
MalwareActivity,74,8,78,112,1,1,1,1,0.108108108,0.696428571
MalwareActivity,45,8,79,115,1,1,1,1,0.177777778,0.686956522
MalwareActivity,44,8,96,138,1,1,1,1,0.181818182,0.695652174
MalwareActivity,44,8,88,141,1,1,1,1,0.181818182,0.624113475
MalwareActivity,43,8,92,146,1,1,1,1,0.186046512,0.630136986
MalwareActivity,44,8,93,148,1,1,1,1,0.181818182,0.628378378
MalwareActivity,44,8,94,150,1,1,1,1,0.181818182,0.626666667
MalwareActivity,44,8,96,151,1,1,1,1,0.181818182,0.635761589
MalwareActivity,44,8,97,153,1,1,1,1,0.181818182,0.633986928
MalwareActivity,44,8,99,155,1,1,1,1,0.181818182,0.638709677
MalwareActivity,44,8,101,157,1,1,1,1,0.181818182,0.643312102
MalwareActivity,44,8,105,164,1,1,1,1,0.181818182,0.640243902
MalwareActivity,45,8,110,169,1,1,1,1,0.177777778,0.650887574
MalwareActivity,45,8,128,170,1,1,1,1,0.177777778,0.752941176
MalwareActivity,44,8,112,171,1,1,1,1,0.181818182,0.65497076
MalwareActivity,45,8,112,171,1,1,1,1,0.177777778,0.65497076
MalwareActivity,45,8,154,212,1,1,1,1,0.177777778,0.726415094
Benign_1100,329,9,0,0,1,1,0,0,0.027355623,0
MalwareActivity,53,9,42,2,1,1,1,1,0.169811321,21
MalwareActivity,60,9,54,4,1,1,1,1,0.15,13.5
MalwareActivity,47,9,49,6,1,1,1,1,0.191489362,8.166666667
MalwareActivity,57,9,57,6,1,1,1,1,0.157894737,9.5
MalwareActivity,46,9,45,8,1,1,1,1,0.195652174,5.625
MalwareActivity,47,9,45,8,1,1,1,1,0.191489362,5.625
MalwareActivity,48,9,45,8,1,1,1,1,0.1875,5.625
MalwareActivity,45,9,46,8,1,1,1,1,0.2,5.75
MalwareActivity,44,9,47,10,1,1,1,1,0.204545455,4.7
MalwareActivity,60,9,50,10,1,1,1,1,0.15,5
MalwareActivity,44,9,48,11,1,1,1,1,0.204545455,4.363636364
MalwareActivity,47,9,46,12,1,1,1,1,0.191489362,3.833333333
MalwareActivity,46,9,48,12,1,1,1,1,0.195652174,4
MalwareActivity,45,9,49,12,1,1,1,1,0.2,4.083333333
MalwareActivity,46,9,49,12,1,1,1,1,0.195652174,4.083333333
MalwareActivity,59,9,71,17,1,1,1,1,0.152542373,4.176470588
MalwareActivity,57,9,74,17,1,1,1,1,0.157894737,4.352941176
MalwareActivity,59,9,71,18,1,1,1,1,0.152542373,3.944444444
MalwareActivity,45,9,49,22,1,1,1,1,0.2,2.227272727
MalwareActivity,57,9,79,58,1,1,1,1,0.157894737,1.362068966
MalwareActivity,57,9,78,61,1,1,1,1,0.157894737,1.278688525
MalwareActivity,57,9,79,61,1,1,1,1,0.157894737,1.295081967
MalwareActivity,48,9,71,63,1,1,1,1,0.1875,1.126984127
MalwareActivity,58,9,82,64,1,1,1,1,0.155172414,1.28125
MalwareActivity,45,9,62,73,1,1,1,1,0.2,0.849315068
MalwareActivity,46,9,62,74,1,1,1,1,0.195652174,0.837837838
MalwareActivity,45,9,62,76,1,1,1,1,0.2,0.815789474
MalwareActivity,46,9,62,76,1,1,1,1,0.195652174,0.815789474
MalwareActivity,47,9,62,76,1,1,1,1,0.191489362,0.815789474
MalwareActivity,45,9,63,76,1,1,1,1,0.2,0.828947368
MalwareActivity,44,9,62,77,1,1,1,1,0.204545455,0.805194805
MalwareActivity,45,9,62,77,1,1,1,1,0.2,0.805194805
MalwareActivity,46,9,62,77,1,1,1,1,0.195652174,0.805194805
MalwareActivity,45,9,63,77,1,1,1,1,0.2,0.818181818
MalwareActivity,46,9,63,77,1,1,1,1,0.195652174,0.818181818
MalwareActivity,46,9,64,78,1,1,1,1,0.195652174,0.820512821
MalwareActivity,45,9,63,79,1,1,1,1,0.2,0.797468354
MalwareActivity,46,9,63,79,1,1,1,1,0.195652174,0.797468354
MalwareActivity,45,9,64,79,1,1,1,1,0.2,0.810126582
MalwareActivity,46,9,64,79,1,1,1,1,0.195652174,0.810126582
MalwareActivity,44,9,58,80,1,1,1,1,0.204545455,0.725
MalwareActivity,45,9,64,80,1,1,1,1,0.2,0.8
MalwareActivity,46,9,58,81,1,1,1,1,0.195652174,0.716049383
MalwareActivity,46,9,59,82,1,1,1,1,0.195652174,0.719512195
MalwareActivity,45,9,65,82,1,1,1,1,0.2,0.792682927
MalwareActivity,46,9,59,83,1,1,1,1,0.195652174,0.710843373
MalwareActivity,47,9,59,83,1,1,1,1,0.191489362,0.710843373
MalwareActivity,46,9,60,84,1,1,1,1,0.195652174,0.714285714
MalwareActivity,47,9,60,84,1,1,1,1,0.191489362,0.714285714
MalwareActivity,45,9,60,86,1,1,1,1,0.2,0.697674419
MalwareActivity,46,9,60,86,1,1,1,1,0.195652174,0.697674419
MalwareActivity,46,9,61,87,1,1,1,1,0.195652174,0.701149425
MalwareActivity,46,9,62,88,1,1,1,1,0.195652174,0.704545455
MalwareActivity,44,9,65,91,1,1,1,1,0.204545455,0.714285714
MalwareActivity,44,9,65,93,1,1,1,1,0.204545455,0.698924731
MalwareActivity,45,9,65,93,1,1,1,1,0.2,0.698924731
MalwareActivity,44,9,66,93,1,1,1,1,0.204545455,0.709677419
MalwareActivity,45,9,66,93,1,1,1,1,0.2,0.709677419
MalwareActivity,46,9,66,93,1,1,1,1,0.195652174,0.709677419
MalwareActivity,44,9,66,94,1,1,1,1,0.204545455,0.70212766
MalwareActivity,45,9,66,94,1,1,1,1,0.2,0.70212766
MalwareActivity,42,9,64,95,1,1,1,1,0.214285714,0.673684211
MalwareActivity,44,9,67,96,1,1,1,1,0.204545455,0.697916667
MalwareActivity,42,9,66,98,1,1,1,1,0.214285714,0.673469388
MalwareActivity,42,9,66,99,1,1,1,1,0.214285714,0.666666667
MalwareActivity,42,9,67,100,1,1,1,1,0.214285714,0.67
MalwareActivity,42,9,68,104,1,1,1,1,0.214285714,0.653846154
MalwareActivity,46,9,80,117,1,1,1,1,0.195652174,0.683760684
MalwareActivity,44,9,88,141,1,1,1,1,0.204545455,0.624113475
MalwareActivity,45,9,130,200,1,1,1,1,0.2,0.65
MalwareActivity,46,9,223,225,1,1,1,1,0.195652174,0.991111111
MalwareActivity,46,9,223,226,1,1,1,1,0.195652174,0.986725664
MalwareActivity,46,9,430,652,1,1,1,1,0.195652174,0.659509202
MalwareActivity,46,9,544,862,1,1,1,1,0.195652174,0.631090487
MalwareActivity,47,10,43,6,1,1,1,1,0.212765957,7.166666667
MalwareActivity,58,10,57,6,1,1,1,1,0.172413793,9.5
MalwareActivity,57,10,58,6,1,1,1,1,0.175438596,9.666666667
MalwareActivity,45,10,45,7,1,1,1,1,0.222222222,6.428571429
MalwareActivity,51,10,47,7,1,1,1,1,0.196078431,6.714285714
MalwareActivity,45,10,45,8,1,1,1,1,0.222222222,5.625
MalwareActivity,47,10,45,8,1,1,1,1,0.212765957,5.625
MalwareActivity,45,10,46,8,1,1,1,1,0.222222222,5.75
MalwareActivity,46,10,46,8,1,1,1,1,0.217391304,5.75
MalwareActivity,44,10,48,11,1,1,1,1,0.227272727,4.363636364
MalwareActivity,44,10,49,11,1,1,1,1,0.227272727,4.454545455
MalwareActivity,46,10,48,12,1,1,1,1,0.217391304,4
MalwareActivity,47,10,48,12,1,1,1,1,0.212765957,4
MalwareActivity,61,10,50,14,1,1,1,1,0.163934426,3.571428571
MalwareActivity,58,10,62,15,1,1,1,1,0.172413793,4.133333333
MalwareActivity,50,10,54,16,1,1,1,1,0.2,3.375
MalwareActivity,45,10,50,17,1,1,1,1,0.222222222,2.941176471
MalwareActivity,51,10,51,17,1,1,1,1,0.196078431,3
MalwareActivity,49,10,53,17,1,1,1,1,0.204081633,3.117647059
MalwareActivity,58,10,63,18,1,1,1,1,0.172413793,3.5
MalwareActivity,55,10,51,32,1,1,1,1,0.181818182,1.59375
MalwareActivity,57,10,80,61,1,1,1,1,0.175438596,1.31147541
MalwareActivity,47,10,71,63,1,1,1,1,0.212765957,1.126984127
MalwareActivity,46,10,62,76,1,1,1,1,0.217391304,0.815789474
MalwareActivity,48,10,63,76,1,1,1,1,0.208333333,0.828947368
MalwareActivity,45,10,62,77,1,1,1,1,0.222222222,0.805194805
MalwareActivity,44,10,63,77,1,1,1,1,0.227272727,0.818181818
MalwareActivity,46,10,63,77,1,1,1,1,0.217391304,0.818181818
MalwareActivity,46,10,64,77,1,1,1,1,0.217391304,0.831168831
MalwareActivity,47,10,57,79,1,1,1,1,0.212765957,0.721518987
MalwareActivity,45,10,63,79,1,1,1,1,0.222222222,0.797468354
MalwareActivity,46,10,63,79,1,1,1,1,0.217391304,0.797468354
MalwareActivity,46,10,64,79,1,1,1,1,0.217391304,0.810126582
MalwareActivity,45,10,64,80,1,1,1,1,0.222222222,0.8
MalwareActivity,46,10,64,80,1,1,1,1,0.217391304,0.8
MalwareActivity,47,10,58,81,1,1,1,1,0.212765957,0.716049383
MalwareActivity,47,10,59,82,1,1,1,1,0.212765957,0.719512195
MalwareActivity,47,10,59,83,1,1,1,1,0.212765957,0.710843373
MalwareActivity,45,10,67,83,1,1,1,1,0.222222222,0.807228916
MalwareActivity,46,10,60,84,1,1,1,1,0.217391304,0.714285714
MalwareActivity,47,10,60,84,1,1,1,1,0.212765957,0.714285714
MalwareActivity,45,10,60,86,1,1,1,1,0.222222222,0.697674419
MalwareActivity,47,10,60,86,1,1,1,1,0.212765957,0.697674419
MalwareActivity,47,10,61,87,1,1,1,1,0.212765957,0.701149425
MalwareActivity,47,10,62,88,1,1,1,1,0.212765957,0.704545455
MalwareActivity,48,10,66,92,1,1,1,1,0.208333333,0.717391304
MalwareActivity,42,10,63,93,1,1,1,1,0.238095238,0.677419355
MalwareActivity,44,10,65,93,1,1,1,1,0.227272727,0.698924731
MalwareActivity,42,10,64,94,1,1,1,1,0.238095238,0.680851064
MalwareActivity,44,10,66,94,1,1,1,1,0.227272727,0.70212766
MalwareActivity,45,10,66,94,1,1,1,1,0.222222222,0.70212766
MalwareActivity,42,10,64,95,1,1,1,1,0.238095238,0.673684211
MalwareActivity,42,10,64,96,1,1,1,1,0.238095238,0.666666667
MalwareActivity,42,10,65,96,1,1,1,1,0.238095238,0.677083333
MalwareActivity,44,10,67,96,1,1,1,1,0.227272727,0.697916667
MalwareActivity,45,10,67,96,1,1,1,1,0.222222222,0.697916667
MalwareActivity,44,10,68,96,1,1,1,1,0.227272727,0.708333333
MalwareActivity,42,10,65,97,1,1,1,1,0.238095238,0.670103093
MalwareActivity,42,10,65,98,1,1,1,1,0.238095238,0.663265306
MalwareActivity,42,10,66,98,1,1,1,1,0.238095238,0.673469388
MalwareActivity,45,10,69,98,1,1,1,1,0.222222222,0.704081633
MalwareActivity,42,10,65,99,1,1,1,1,0.238095238,0.656565657
MalwareActivity,42,10,66,99,1,1,1,1,0.238095238,0.666666667
MalwareActivity,42,10,67,99,1,1,1,1,0.238095238,0.676767677
MalwareActivity,42,10,66,100,1,1,1,1,0.238095238,0.66
MalwareActivity,43,10,66,100,1,1,1,1,0.23255814,0.66
MalwareActivity,42,10,67,100,1,1,1,1,0.238095238,0.67
MalwareActivity,43,10,67,100,1,1,1,1,0.23255814,0.67
MalwareActivity,42,10,66,101,1,1,1,1,0.238095238,0.653465347
MalwareActivity,43,10,66,101,1,1,1,1,0.23255814,0.653465347
MalwareActivity,43,10,67,102,1,1,1,1,0.23255814,0.656862745
MalwareActivity,43,10,68,102,1,1,1,1,0.23255814,0.666666667
MalwareActivity,42,10,67,103,1,1,1,1,0.238095238,0.650485437
MalwareActivity,42,10,68,104,1,1,1,1,0.238095238,0.653846154
MalwareActivity,43,10,68,104,1,1,1,1,0.23255814,0.653846154
MalwareActivity,43,10,68,106,1,1,1,1,0.23255814,0.641509434
MalwareActivity,49,10,84,114,1,1,1,1,0.204081633,0.736842105
MalwareActivity,45,10,88,143,1,1,1,1,0.222222222,0.615384615
MalwareActivity,46,10,90,148,1,1,1,1,0.217391304,0.608108108
MalwareActivity,45,10,91,148,1,1,1,1,0.222222222,0.614864865
MalwareActivity,46,10,94,153,1,1,1,1,0.217391304,0.614379085
MalwareActivity,47,10,127,167,1,1,1,1,0.212765957,0.760479042
MalwareActivity,47,10,150,187,1,1,1,1,0.212765957,0.802139037
MalwareActivity,47,10,157,226,1,1,1,1,0.212765957,0.694690265
MalwareActivity,47,10,529,840,1,1,1,1,0.212765957,0.629761905
MalwareActivity,52,11,42,2,1,1,1,1,0.211538462,21
MalwareActivity,49,11,43,6,1,1,1,1,0.224489796,7.166666667
MalwareActivity,49,11,44,6,1,1,1,1,0.224489796,7.333333333
MalwareActivity,58,11,57,6,1,1,1,1,0.189655172,9.5
MalwareActivity,46,11,46,8,1,1,1,1,0.239130435,5.75
MalwareActivity,47,11,46,8,1,1,1,1,0.234042553,5.75
MalwareActivity,52,11,46,8,1,1,1,1,0.211538462,5.75
MalwareActivity,47,11,46,9,1,1,1,1,0.234042553,5.111111111
MalwareActivity,47,11,56,76,1,1,1,1,0.234042553,0.736842105
MalwareActivity,47,11,57,79,1,1,1,1,0.234042553,0.721518987
MalwareActivity,46,11,64,79,1,1,1,1,0.239130435,0.810126582
MalwareActivity,47,11,58,80,1,1,1,1,0.234042553,0.725
MalwareActivity,47,11,58,81,1,1,1,1,0.234042553,0.716049383
MalwareActivity,47,11,60,84,1,1,1,1,0.234042553,0.714285714
MalwareActivity,47,11,60,86,1,1,1,1,0.234042553,0.697674419
MalwareActivity,42,11,60,87,1,1,1,1,0.261904762,0.689655172
MalwareActivity,42,11,61,88,1,1,1,1,0.261904762,0.693181818
MalwareActivity,42,11,62,91,1,1,1,1,0.261904762,0.681318681
MalwareActivity,42,11,63,93,1,1,1,1,0.261904762,0.677419355
MalwareActivity,45,11,65,93,1,1,1,1,0.244444444,0.698924731
MalwareActivity,44,11,66,93,1,1,1,1,0.25,0.709677419
MalwareActivity,42,11,64,94,1,1,1,1,0.261904762,0.680851064
MalwareActivity,43,11,64,94,1,1,1,1,0.255813953,0.680851064
MalwareActivity,45,11,66,94,1,1,1,1,0.244444444,0.70212766
MalwareActivity,42,11,65,96,1,1,1,1,0.261904762,0.677083333
MalwareActivity,43,11,65,96,1,1,1,1,0.255813953,0.677083333
MalwareActivity,46,11,67,96,1,1,1,1,0.239130435,0.697916667
MalwareActivity,46,11,68,96,1,1,1,1,0.239130435,0.708333333
MalwareActivity,42,11,65,97,1,1,1,1,0.261904762,0.670103093
MalwareActivity,43,11,65,97,1,1,1,1,0.255813953,0.670103093
MalwareActivity,42,11,66,98,1,1,1,1,0.261904762,0.673469388
MalwareActivity,43,11,66,98,1,1,1,1,0.255813953,0.673469388
MalwareActivity,42,11,66,99,1,1,1,1,0.261904762,0.666666667
MalwareActivity,43,11,66,99,1,1,1,1,0.255813953,0.666666667
MalwareActivity,43,11,67,100,1,1,1,1,0.255813953,0.67
MalwareActivity,43,11,68,101,1,1,1,1,0.255813953,0.673267327
MalwareActivity,43,11,67,102,1,1,1,1,0.255813953,0.656862745
MalwareActivity,43,11,77,126,1,1,1,1,0.255813953,0.611111111
MalwareActivity,48,11,90,148,1,1,1,1,0.229166667,0.608108108
MalwareActivity,46,11,94,153,1,1,1,1,0.239130435,0.614379085
MalwareActivity,47,11,94,153,1,1,1,1,0.234042553,0.614379085
MalwareActivity,47,11,99,185,1,1,1,1,0.234042553,0.535135135
MalwareActivity,56,11,1455,239,1,1,1,1,0.196428571,6.087866109
MalwareActivity,70,11,157,292,1,1,1,1,0.157142857,0.537671233
MalwareActivity,53,11,1331,455,1,1,1,1,0.20754717,2.925274725
MalwareActivity,54,11,733,728,1,1,1,1,0.203703704,1.006868132
MalwareActivity,47,12,46,8,1,1,1,1,0.255319149,5.75
MalwareActivity,48,12,46,8,1,1,1,1,0.25,5.75
MalwareActivity,47,12,56,76,1,1,1,1,0.255319149,0.736842105
MalwareActivity,47,12,57,79,1,1,1,1,0.255319149,0.721518987
MalwareActivity,69,12,88,122,1,1,1,1,0.173913043,0.721311475
MalwareActivity,46,12,94,153,1,1,1,1,0.260869565,0.614379085
MalwareActivity,47,12,94,153,1,1,1,1,0.255319149,0.614379085
MalwareActivity,46,12,130,200,1,1,1,1,0.260869565,0.65
MalwareActivity,69,12,137,256,1,1,1,1,0.173913043,0.53515625
MalwareActivity,47,13,46,8,1,1,1,1,0.276595745,5.75
MalwareActivity,49,13,46,8,1,1,1,1,0.265306122,5.75
MalwareActivity,48,13,56,75,1,1,1,1,0.270833333,0.746666667
MalwareActivity,42,13,66,98,1,1,1,1,0.30952381,0.673469388
MalwareActivity,42,13,66,100,1,1,1,1,0.30952381,0.66
MalwareActivity,47,13,94,153,1,1,1,1,0.276595745,0.614379085
MalwareActivity,65,13,112,173,1,1,1,1,0.2,0.647398844
MalwareActivity,55,13,1468,203,1,1,1,1,0.236363636,7.231527094
MalwareActivity,55,13,1542,703,1,1,1,1,0.236363636,2.193456615
Benign_1100,458,14,0,0,1,1,0,0,0.030567686,0
MalwareActivity,50,14,47,8,1,1,1,1,0.28,5.875
MalwareActivity,47,14,69,98,1,1,1,1,0.29787234,0.704081633
MalwareActivity,47,14,94,153,1,1,1,1,0.29787234,0.614379085
MalwareActivity,48,14,94,153,1,1,1,1,0.291666667,0.614379085
MalwareActivity,47,14,99,185,1,1,1,1,0.29787234,0.535135135
MalwareActivity,53,14,1472,189,1,1,1,1,0.264150943,7.788359788
MalwareActivity,55,14,1473,220,1,1,1,1,0.254545455,6.695454545
Benign,41,14,1432,255,1,1,1,1,0.341463415,5.615686275
MalwareActivity,66,14,1463,300,1,1,1,1,0.212121212,4.876666667
MalwareActivity,60,14,1413,332,1,1,1,1,0.233333333,4.256024096
MalwareActivity,68,14,1439,342,1,1,1,1,0.205882353,4.207602339
MalwareActivity,60,14,1463,408,1,1,1,1,0.233333333,3.585784314
MalwareActivity,58,14,1424,422,1,1,1,1,0.24137931,3.374407583
MalwareActivity,56,14,1409,468,1,1,1,1,0.25,3.010683761
MalwareActivity,56,14,1478,597,1,1,1,1,0.25,2.475711893
MalwareActivity,48,15,94,153,1,1,1,1,0.3125,0.614379085
MalwareActivity,54,15,1468,209,1,1,1,1,0.277777778,7.023923445
MalwareActivity,54,15,1466,212,1,1,1,1,0.277777778,6.91509434
MalwareActivity,54,15,1461,222,1,1,1,1,0.277777778,6.581081081
MalwareActivity,55,15,1462,222,1,1,1,1,0.272727273,6.585585586
MalwareActivity,55,15,1460,230,1,1,1,1,0.272727273,6.347826087
MalwareActivity,53,15,1472,230,1,1,1,1,0.283018868,6.4
MalwareActivity,54,15,1453,247,1,1,1,1,0.277777778,5.882591093
MalwareActivity,71,15,1428,303,1,1,1,1,0.211267606,4.712871287
MalwareActivity,71,15,1418,386,1,1,1,1,0.211267606,3.67357513
MalwareActivity,48,16,94,153,1,1,1,1,0.333333333,0.614379085
MalwareActivity,49,16,94,153,1,1,1,1,0.326530612,0.614379085
Activity_Attack,63,16,1459,229,1,1,1,1,0.253968254,6.371179039
Activity_Attack,63,16,1459,229,1,1,1,1,0.253968254,6.371179039
Activity_Attack,61,16,1459,238,1,1,1,1,0.262295082,6.130252101
Activity_Attack,61,16,1459,238,1,1,1,1,0.262295082,6.130252101
MalwareActivity,54,16,1455,244,1,1,1,1,0.296296296,5.963114754
Activity_Attack,65,16,1453,245,1,1,1,1,0.246153846,5.930612245
Activity_Attack,65,16,1453,245,1,1,1,1,0.246153846,5.930612245
Activity_Attack,60,16,1450,258,1,1,1,1,0.266666667,5.620155039
Activity_Attack,60,16,1450,258,1,1,1,1,0.266666667,5.620155039
MalwareActivity,55,16,1457,282,1,1,1,1,0.290909091,5.166666667
MalwareActivity,55,16,1470,292,1,1,1,1,0.290909091,5.034246575
Activity_Attack,65,16,1461,303,1,1,1,1,0.246153846,4.821782178
Activity_Attack,65,16,1461,303,1,1,1,1,0.246153846,4.821782178
MalwareActivity,68,16,1377,391,1,1,1,1,0.235294118,3.52173913
MalwareActivity,66,16,1373,480,1,1,1,1,0.242424242,2.860416667
MalwareActivity,62,16,1413,546,1,1,1,1,0.258064516,2.587912088
MalwareActivity,60,17,93,32,1,1,1,1,0.283333333,2.90625
MalwareActivity,60,17,85,33,1,1,1,1,0.283333333,2.575757576
MalwareActivity,59,17,90,33,1,1,1,1,0.288135593,2.727272727
MalwareActivity,61,17,84,35,1,1,1,1,0.278688525,2.4
MalwareActivity,61,17,86,37,1,1,1,1,0.278688525,2.324324324
MalwareActivity,62,17,104,43,1,1,1,1,0.274193548,2.418604651
MalwareActivity,61,17,100,49,1,1,1,1,0.278688525,2.040816327
MalwareActivity,61,17,101,49,1,1,1,1,0.278688525,2.06122449
MalwareActivity,61,17,91,51,1,1,1,1,0.278688525,1.784313725
MalwareActivity,61,17,87,54,1,1,1,1,0.278688525,1.611111111
MalwareActivity,62,17,87,54,1,1,1,1,0.274193548,1.611111111
MalwareActivity,61,17,93,57,1,1,1,1,0.278688525,1.631578947
MalwareActivity,62,17,93,57,1,1,1,1,0.274193548,1.631578947
MalwareActivity,49,17,94,153,1,1,1,1,0.346938776,0.614379085
Activity_Attack,62,17,1458,233,1,1,1,1,0.274193548,6.25751073
Activity_Attack,62,17,1458,233,1,1,1,1,0.274193548,6.25751073
MalwareActivity,58,17,1455,241,1,1,1,1,0.293103448,6.037344398
Activity_Attack,56,17,1449,257,1,1,1,1,0.303571429,5.638132296
Activity_Attack,56,17,1449,257,1,1,1,1,0.303571429,5.638132296
Activity_Attack,63,17,1472,265,1,1,1,1,0.26984127,5.554716981
Activity_Attack,63,17,1472,265,1,1,1,1,0.26984127,5.554716981
Activity_Attack,66,17,1444,273,1,1,1,1,0.257575758,5.289377289
Activity_Attack,66,17,1444,273,1,1,1,1,0.257575758,5.289377289
MalwareActivity,65,17,1440,276,1,1,1,1,0.261538462,5.217391304
MalwareActivity,62,17,1384,390,1,1,1,1,0.274193548,3.548717949
MalwareActivity,60,18,85,33,1,1,1,1,0.3,2.575757576
MalwareActivity,60,18,90,33,1,1,1,1,0.3,2.727272727
MalwareActivity,61,18,90,33,1,1,1,1,0.295081967,2.727272727
MalwareActivity,61,18,82,36,1,1,1,1,0.295081967,2.277777778
MalwareActivity,61,18,86,37,1,1,1,1,0.295081967,2.324324324
MalwareActivity,59,18,58,48,1,1,1,1,0.305084746,1.208333333
MalwareActivity,61,18,91,51,1,1,1,1,0.295081967,1.784313725
MalwareActivity,61,18,96,51,1,1,1,1,0.295081967,1.882352941
MalwareActivity,62,18,83,52,1,1,1,1,0.290322581,1.596153846
MalwareActivity,60,18,98,53,1,1,1,1,0.3,1.849056604
MalwareActivity,61,18,98,53,1,1,1,1,0.295081967,1.849056604
MalwareActivity,62,18,98,53,1,1,1,1,0.290322581,1.849056604
MalwareActivity,62,18,87,54,1,1,1,1,0.290322581,1.611111111
MalwareActivity,63,18,87,54,1,1,1,1,0.285714286,1.611111111
MalwareActivity,61,18,93,57,1,1,1,1,0.295081967,1.631578947
MalwareActivity,62,18,93,57,1,1,1,1,0.290322581,1.631578947
MalwareActivity,63,18,93,57,1,1,1,1,0.285714286,1.631578947
MalwareActivity,67,18,1454,242,1,1,1,1,0.268656716,6.008264463
Activity_Attack,66,18,1450,253,1,1,1,1,0.272727273,5.731225296
Activity_Attack,66,18,1450,253,1,1,1,1,0.272727273,5.731225296
Activity_Attack,65,18,1446,264,1,1,1,1,0.276923077,5.477272727
Activity_Attack,65,18,1446,264,1,1,1,1,0.276923077,5.477272727
MalwareActivity,56,18,1418,325,1,1,1,1,0.321428571,4.363076923
MalwareActivity,64,18,1453,358,1,1,1,1,0.28125,4.058659218
MalwareActivity,65,18,1474,361,1,1,1,1,0.276923077,4.083102493
MalwareActivity,65,18,1493,427,1,1,1,1,0.276923077,3.496487119
MalwareActivity,61,19,85,33,1,1,1,1,0.31147541,2.575757576
MalwareActivity,59,19,90,33,1,1,1,1,0.322033898,2.727272727
MalwareActivity,60,19,90,33,1,1,1,1,0.316666667,2.727272727
MalwareActivity,61,19,90,33,1,1,1,1,0.31147541,2.727272727
MalwareActivity,61,19,86,37,1,1,1,1,0.31147541,2.324324324
MalwareActivity,62,19,86,37,1,1,1,1,0.306451613,2.324324324
MalwareActivity,63,19,83,52,1,1,1,1,0.301587302,1.596153846
MalwareActivity,62,19,89,53,1,1,1,1,0.306451613,1.679245283
MalwareActivity,60,19,98,53,1,1,1,1,0.316666667,1.849056604
MalwareActivity,62,19,98,53,1,1,1,1,0.306451613,1.849056604
MalwareActivity,62,19,87,54,1,1,1,1,0.306451613,1.611111111
MalwareActivity,63,19,87,54,1,1,1,1,0.301587302,1.611111111
MalwareActivity,63,19,101,55,1,1,1,1,0.301587302,1.836363636
MalwareActivity,62,19,93,57,1,1,1,1,0.306451613,1.631578947
MalwareActivity,63,19,93,57,1,1,1,1,0.301587302,1.631578947
MalwareActivity,51,19,69,86,1,1,1,1,0.37254902,0.802325581
MalwareActivity,70,19,1447,293,1,1,1,1,0.271428571,4.938566553
MalwareActivity,66,19,1423,314,1,1,1,1,0.287878788,4.531847134
MalwareActivity,68,19,1478,338,1,1,1,1,0.279411765,4.372781065
MalwareActivity,64,19,1462,534,1,1,1,1,0.296875,2.737827715
MalwareActivity,61,20,93,32,1,1,1,1,0.327868852,2.90625
MalwareActivity,60,20,90,33,1,1,1,1,0.333333333,2.727272727
MalwareActivity,62,20,82,36,1,1,1,1,0.322580645,2.277777778
MalwareActivity,62,20,86,37,1,1,1,1,0.322580645,2.324324324
MalwareActivity,62,20,86,49,1,1,1,1,0.322580645,1.755102041
MalwareActivity,62,20,91,51,1,1,1,1,0.322580645,1.784313725
MalwareActivity,60,20,98,53,1,1,1,1,0.333333333,1.849056604
MalwareActivity,61,20,98,53,1,1,1,1,0.327868852,1.849056604
MalwareActivity,62,20,98,53,1,1,1,1,0.322580645,1.849056604
MalwareActivity,63,20,87,54,1,1,1,1,0.317460317,1.611111111
MalwareActivity,63,20,101,55,1,1,1,1,0.317460317,1.836363636
MalwareActivity,62,20,93,57,1,1,1,1,0.322580645,1.631578947
MalwareActivity,63,20,93,57,1,1,1,1,0.317460317,1.631578947
MalwareAttack,65,20,1476,244,1,1,1,1,0.307692308,6.049180328
MalwareAttack,69,20,1457,259,1,1,1,1,0.289855072,5.625482625
MalwareActivity,66,20,1414,330,1,1,1,1,0.303030303,4.284848485
MalwareActivity,66,20,1431,405,1,1,1,1,0.303030303,3.533333333
MalwareActivity,60,21,90,33,1,1,1,1,0.35,2.727272727
MalwareActivity,62,21,94,48,1,1,1,1,0.338709677,1.958333333
MalwareActivity,62,21,100,49,1,1,1,1,0.338709677,2.040816327
MalwareActivity,63,21,100,49,1,1,1,1,0.333333333,2.040816327
MalwareActivity,60,21,98,53,1,1,1,1,0.35,1.849056604
MalwareActivity,61,21,98,53,1,1,1,1,0.344262295,1.849056604
MalwareActivity,62,21,98,53,1,1,1,1,0.338709677,1.849056604
MalwareActivity,63,21,98,53,1,1,1,1,0.333333333,1.849056604
MalwareActivity,63,21,87,54,1,1,1,1,0.333333333,1.611111111
MalwareActivity,63,21,93,57,1,1,1,1,0.333333333,1.631578947
MalwareActivity,64,21,82,63,1,1,1,1,0.328125,1.301587302
MalwareAttack,62,21,1472,279,1,1,1,1,0.338709677,5.275985663
MalwareAttack,62,21,1484,283,1,1,1,1,0.338709677,5.243816254
MalwareActivity,72,21,1428,303,1,1,1,1,0.291666667,4.712871287
MalwareActivity,61,21,1413,332,1,1,1,1,0.344262295,4.256024096
MalwareActivity,70,21,1439,342,1,1,1,1,0.3,4.207602339
MalwareAttack,64,21,1495,349,1,1,1,1,0.328125,4.283667622
MalwareActivity,54,21,1384,390,1,1,1,1,0.388888889,3.548717949
MalwareActivity,63,21,1377,393,1,1,1,1,0.333333333,3.503816794
MalwareActivity,63,22,83,52,1,1,1,1,0.349206349,1.596153846
MalwareActivity,67,22,89,53,1,1,1,1,0.328358209,1.679245283
MalwareActivity,63,22,98,53,1,1,1,1,0.349206349,1.849056604
MalwareActivity,63,22,87,54,1,1,1,1,0.349206349,1.611111111
MalwareActivity,63,22,93,57,1,1,1,1,0.349206349,1.631578947
MalwareActivity,65,22,93,57,1,1,1,1,0.338461538,1.631578947
MalwareActivity,67,22,93,57,1,1,1,1,0.328358209,1.631578947
MalwareAttack,61,22,1480,256,1,1,1,1,0.360655738,5.78125
MalwareAttack,62,22,1474,353,1,1,1,1,0.35483871,4.175637394
MalwareActivity,61,22,1398,360,1,1,1,1,0.360655738,3.883333333
MalwareActivity,57,22,1386,377,1,1,1,1,0.385964912,3.676392573
MalwareActivity,60,22,1437,391,1,1,1,1,0.366666667,3.675191816
MalwareActivity,72,22,1393,425,1,1,1,1,0.305555556,3.277647059
MalwareActivity,62,23,90,33,1,1,1,1,0.370967742,2.727272727
MalwareActivity,62,23,96,50,1,1,1,1,0.370967742,1.92
MalwareActivity,62,23,98,53,1,1,1,1,0.370967742,1.849056604
MalwareActivity,66,23,98,53,1,1,1,1,0.348484848,1.849056604
MalwareActivity,66,23,93,57,1,1,1,1,0.348484848,1.631578947
MalwareActivity,67,23,93,57,1,1,1,1,0.343283582,1.631578947
MalwareActivity,64,23,82,63,1,1,1,1,0.359375,1.301587302
MalwareAttack,69,23,1482,304,1,1,1,1,0.333333333,4.875
MalwareAttack,63,23,1472,355,1,1,1,1,0.365079365,4.146478873
MalwareActivity,58,23,1409,468,1,1,1,1,0.396551724,3.010683761
MalwareActivity,64,23,1279,506,1,1,1,1,0.359375,2.527667984
MalwareActivity,42,24,42,23,1,1,1,1,0.571428571,1.826086957
MalwareActivity,42,24,42,31,1,1,1,1,0.571428571,1.35483871
MalwareActivity,65,24,98,53,1,1,1,1,0.369230769,1.849056604
MalwareActivity,66,25,85,33,1,1,1,1,0.378787879,2.575757576
MalwareActivity,66,25,98,53,1,1,1,1,0.378787879,1.849056604
MalwareActivity,68,25,82,63,1,1,1,1,0.367647059,1.301587302
MalwareActivity,57,25,1370,401,1,1,1,1,0.438596491,3.416458853
MalwareActivity,67,25,1360,477,1,1,1,1,0.373134328,2.85115304
MalwareActivity_1110,97,26,60,0,1,1,1,0,0.268041237,0
MalwareActivity,66,26,92,31,1,1,1,1,0.393939394,2.967741935
MalwareActivity,64,26,70,59,1,1,1,1,0.40625,1.186440678
MalwareActivity,65,26,82,63,1,1,1,1,0.4,1.301587302
MalwareActivity,72,27,109,24,1,1,1,1,0.375,4.541666667
MalwareActivity,96,27,84,56,1,1,1,1,0.28125,1.5
MalwareActivity,63,27,1373,480,1,1,1,1,0.428571429,2.860416667
MalwareActivity,76,28,123,71,1,1,1,1,0.368421053,1.732394366
MalwareAttack,61,30,84,49,1,1,1,1,0.491803279,1.714285714
MalwareActivity,87,30,94,56,1,1,1,1,0.344827586,1.678571429
MalwareAttack,61,31,84,49,1,1,1,1,0.508196721,1.714285714
MalwareAttack,61,32,84,49,1,1,1,1,0.524590164,1.714285714
MalwareActivity,69,32,157,204,1,1,1,1,0.463768116,0.769607843
MalwareAttack,61,34,84,49,1,1,1,1,0.557377049,1.714285714
MalwareActivity,42,35,42,28,1,1,1,1,0.833333333,1.5
MalwareAttack,61,35,84,49,1,1,1,1,0.573770492,1.714285714
MalwareActivity,69,36,147,209,1,1,1,1,0.52173913,0.703349282
Benign_1100,400,38,0,0,1,1,0,0,0.095,0
MalwareActivity,42,38,42,40,1,1,1,1,0.904761905,1.05
MalwareAttack,67,39,79,41,1,1,1,1,0.582089552,1.926829268
MalwareAttack,68,39,76,43,1,1,1,1,0.573529412,1.76744186
MalwareAttack,68,39,84,49,1,1,1,1,0.573529412,1.714285714
Benign,70,40,85,71,1,1,1,1,0.571428571,1.197183099
MalwareAttack,69,41,76,43,1,1,1,1,0.594202899,1.76744186
MalwareActivity,42,43,42,34,1,1,1,1,1.023809524,1.235294118
MalwareAttack,69,43,76,43,1,1,1,1,0.623188406,1.76744186
MalwareAttack,70,43,76,43,1,1,1,1,0.614285714,1.76744186
MalwareAttack,71,46,76,43,1,1,1,1,0.647887324,1.76744186
MalwareActivity,86,48,176,227,1,1,1,1,0.558139535,0.775330396
MalwareAttack,72,49,76,43,1,1,1,1,0.680555556,1.76744186
Benign_1100,159,50,0,0,1,1,0,0,0.314465409,0
MalwareAttack,74,52,76,43,1,1,1,1,0.702702703,1.76744186
Benign,76,53,192,310,1,1,1,1,0.697368421,0.619354839
MalwareAttack,77,57,76,43,1,1,1,1,0.74025974,1.76744186
Benign_1100,343,58,0,0,1,1,0,0,0.16909621,0
Benign,66,59,1218,543,1,1,1,1,0.893939394,2.243093923
Benign,74,60,499,612,1,1,1,1,0.810810811,0.815359477
MalwareActivity,88,66,170,214,1,1,1,1,0.75,0.794392523
MalwareActivity,85,69,171,234,1,1,1,1,0.811764706,0.730769231
Activity_Attack,83,78,112,146,1,1,1,1,0.939759036,0.767123288
Activity_Attack,83,78,112,146,1,1,1,1,0.939759036,0.767123288
Activity_Attack,83,78,277,432,1,1,1,1,0.939759036,0.641203704
Activity_Attack,83,78,277,432,1,1,1,1,0.939759036,0.641203704
Benign_1100,276,81,0,0,1,1,0,0,0.293478261,0
Benign,80,81,567,611,1,1,1,1,1.0125,0.927986907
Benign,88,83,171,233,1,1,1,1,0.943181818,0.733905579
MalwareActivity,75,89,54,5,1,1,1,1,1.186666667,10.8
MalwareActivity,76,92,55,5,1,1,1,1,1.210526316,11
MalwareActivity,68,94,43,5,1,1,1,1,1.382352941,8.6
Benign,142,96,598,710,1,1,1,1,0.676056338,0.842253521
Benign,107,99,253,389,1,1,1,1,0.925233645,0.650385604
Benign,105,99,279,399,1,1,1,1,0.942857143,0.69924812
Benign,92,99,730,730,1,1,1,1,1.076086957,1
MalwareActivity_1110,147,100,60,0,1,1,1,0,0.680272109,0
Benign,94,107,714,734,1,1,1,1,1.138297872,0.972752044
Benign,97,109,437,573,1,1,1,1,1.12371134,0.762652705
Benign,103,110,620,882,1,1,1,1,1.067961165,0.702947846
Benign,108,115,109,83,1,1,1,1,1.064814815,1.313253012
Benign,120,119,91,65,1,1,1,1,0.991666667,1.4
Benign,111,127,521,652,1,1,1,1,1.144144144,0.799079755
Benign,120,130,96,115,1,1,1,1,1.083333333,0.834782609
Benign,123,132,100,72,1,1,1,1,1.073170732,1.388888889
Benign,117,134,130,98,1,1,1,1,1.145299145,1.326530612
Benign,118,134,261,447,1,1,1,1,1.13559322,0.583892617
Benign,117,136,253,437,1,1,1,1,1.162393162,0.578947368
Benign,124,137,99,78,1,1,1,1,1.10483871,1.269230769
Benign,119,137,122,84,1,1,1,1,1.151260504,1.452380952
Benign,89,153,1132,527,1,1,1,1,1.719101124,2.14800759
Benign,142,155,105,126,1,1,1,1,1.091549296,0.833333333
Benign,123,160,633,880,1,1,1,1,1.300813008,0.719318182
Benign,79,172,92,203,1,1,1,1,2.17721519,0.45320197
Benign,172,177,342,377,1,1,1,1,1.029069767,0.907161804
Benign,132,179,426,640,1,1,1,1,1.356060606,0.665625
Benign,173,209,407,598,1,1,1,1,1.208092486,0.680602007
MalwareActivity,157,217,71,25,1,1,1,1,1.382165605,2.84
MalwareActivity_1110,154,222,40,0,1,1,1,0,1.441558442,0
Benign,172,226,513,622,1,1,1,1,1.313953488,0.824758842
Benign,158,233,440,759,1,1,1,1,1.474683544,0.579710145
Benign,92,234,289,655,1,1,1,1,2.543478261,0.441221374
Benign,178,236,498,710,1,1,1,1,1.325842697,0.701408451
Benign,175,242,391,678,1,1,1,1,1.382857143,0.576696165
Benign,96,245,297,607,1,1,1,1,2.552083333,0.489291598
Benign,149,249,88,85,1,1,1,1,1.67114094,1.035294118
Benign,170,256,395,733,1,1,1,1,1.505882353,0.53888131
MalwareAttack,123,257,44,5,1,1,1,1,2.089430894,8.8
Benign,180,265,386,583,1,1,1,1,1.472222222,0.662092624
Benign,164,269,88,85,1,1,1,1,1.640243902,1.035294118
Benign,186,286,424,931,1,1,1,1,1.537634409,0.455424275
MalwareActivity_1110,217,290,40,0,1,1,1,0,1.33640553,0
Benign,148,296,382,552,1,1,1,1,2,0.692028986
Benign,149,296,382,552,1,1,1,1,1.986577181,0.692028986
Benign,148,296,451,752,1,1,1,1,2,0.599734043
MalwareAttack,165,304,1014,840,1,1,1,1,1.842424242,1.207142857
MalwareAttack,181,307,99,75,1,1,1,1,1.696132597,1.32
MalwareAttack,172,308,56,5,1,1,1,1,1.790697674,11.2
MalwareAttack,171,309,99,81,1,1,1,1,1.807017544,1.222222222
MalwareAttack,171,309,96,83,1,1,1,1,1.807017544,1.156626506
MalwareAttack,171,309,111,95,1,1,1,1,1.807017544,1.168421053
MalwareAttack,171,309,196,186,1,1,1,1,1.807017544,1.053763441
Benign,134,316,263,498,1,1,1,1,2.358208955,0.52811245
Benign,162,317,389,617,1,1,1,1,1.956790123,0.630470016
Benign,132,317,477,866,1,1,1,1,2.401515152,0.550808314
Benign,162,317,477,866,1,1,1,1,1.956790123,0.550808314
Benign,151,322,451,752,1,1,1,1,2.132450331,0.599734043
Benign,168,326,71,71,1,1,1,1,1.94047619,1
Benign,166,326,212,267,1,1,1,1,1.963855422,0.794007491
MalwareAttack,186,328,46,8,1,1,1,1,1.76344086,5.75
MalwareAttack,186,330,42,4,1,1,1,1,1.774193548,10.5
MalwareAttack,186,330,43,6,1,1,1,1,1.774193548,7.166666667
MalwareAttack,186,330,46,8,1,1,1,1,1.774193548,5.75
Benign,143,330,333,646,1,1,1,1,2.307692308,0.515479876
MalwareAttack,182,330,1014,840,1,1,1,1,1.813186813,1.207142857
MalwareAttack,191,333,56,5,1,1,1,1,1.743455497,11.2
MalwareAttack,189,334,99,81,1,1,1,1,1.767195767,1.222222222
MalwareAttack,189,334,111,95,1,1,1,1,1.767195767,1.168421053
Benign,164,342,451,752,1,1,1,1,2.085365854,0.599734043
Benign,198,352,82,71,1,1,1,1,1.777777778,1.154929577
Benign,262,353,224,381,1,1,1,1,1.347328244,0.587926509
Benign,267,357,199,359,1,1,1,1,1.337078652,0.554317549
Benign,174,359,71,48,1,1,1,1,2.063218391,1.479166667
MalwareAttack,211,360,42,2,1,1,1,1,1.706161137,21
MalwareAttack,211,360,46,8,1,1,1,1,1.706161137,5.75
MalwareAttack,235,361,99,81,1,1,1,1,1.536170213,1.222222222
MalwareAttack,235,361,111,95,1,1,1,1,1.536170213,1.168421053
Benign,195,364,549,666,1,1,1,1,1.866666667,0.824324324
Benign,182,365,389,617,1,1,1,1,2.005494505,0.630470016
Benign,166,365,477,866,1,1,1,1,2.198795181,0.550808314
Benign,180,366,389,617,1,1,1,1,2.033333333,0.630470016
Benign,185,371,71,71,1,1,1,1,2.005405405,1
Benign,232,376,357,562,1,1,1,1,1.620689655,0.635231317
Benign,205,377,310,497,1,1,1,1,1.83902439,0.623742455
MalwareAttack,257,379,99,81,1,1,1,1,1.474708171,1.222222222
Benign,199,382,71,71,1,1,1,1,1.91959799,1
Benign,208,383,181,278,1,1,1,1,1.841346154,0.651079137
Benign,201,386,103,149,1,1,1,1,1.92039801,0.691275168
Benign,180,387,331,570,1,1,1,1,2.15,0.580701754
Benign,180,387,451,752,1,1,1,1,2.15,0.599734043
MalwareActivity_1110,375,389,60,0,1,1,1,0,1.037333333,0
MalwareAttack,281,392,42,2,1,1,1,1,1.395017794,21
MalwareActivity_1110,395,393,60,0,1,1,1,0,0.994936709,0
Benign,245,395,355,562,1,1,1,1,1.612244898,0.631672598
Benign,271,396,363,636,1,1,1,1,1.461254613,0.570754717
Benign,255,400,310,548,1,1,1,1,1.568627451,0.565693431
Benign,207,401,71,71,1,1,1,1,1.937198068,1
MalwareActivity_1110,586,404,44,0,1,1,1,0,0.689419795,0
Benign,185,414,267,503,1,1,1,1,2.237837838,0.530815109
Benign,304,414,356,515,1,1,1,1,1.361842105,0.691262136
MalwareAttack,318,416,42,2,1,1,1,1,1.308176101,21
Benign,301,416,323,471,1,1,1,1,1.382059801,0.685774947
MalwareActivity_1110,490,419,44,0,1,1,1,0,0.855102041,0
MalwareActivity_1110,453,420,52,0,1,1,1,0,0.927152318,0
MalwareActivity_1110,488,422,52,0,1,1,1,0,0.864754098,0
MalwareActivity_1110,455,423,52,0,1,1,1,0,0.92967033,0
Benign,236,432,477,676,1,1,1,1,1.830508475,0.705621302
Benign,315,439,185,322,1,1,1,1,1.393650794,0.574534161
Benign,275,441,436,611,1,1,1,1,1.603636364,0.713584288
Benign,227,450,104,151,1,1,1,1,1.982378855,0.688741722
Benign,321,451,185,322,1,1,1,1,1.404984424,0.574534161
Benign,406,468,834,815,1,1,1,1,1.15270936,1.023312883
Benign,282,472,128,104,1,1,1,1,1.673758865,1.230769231
Benign,248,473,234,403,1,1,1,1,1.907258065,0.580645161
Benign,226,477,267,503,1,1,1,1,2.110619469,0.530815109
Benign,334,480,185,322,1,1,1,1,1.437125749,0.574534161
Benign,337,486,185,322,1,1,1,1,1.442136499,0.574534161
Benign,297,486,510,595,1,1,1,1,1.636363636,0.857142857
Benign,331,497,173,322,1,1,1,1,1.501510574,0.537267081
Benign,257,509,87,129,1,1,1,1,1.980544747,0.674418605
Benign,252,509,260,489,1,1,1,1,2.01984127,0.531697342
Benign,282,511,205,339,1,1,1,1,1.812056738,0.604719764
Benign,315,515,512,606,1,1,1,1,1.634920635,0.844884488
Benign,274,518,193,339,1,1,1,1,1.890510949,0.569321534
Benign,349,539,173,322,1,1,1,1,1.544412607,0.537267081
Benign,296,565,267,503,1,1,1,1,1.908783784,0.530815109
Benign,955,642,322,605,1,1,1,1,0.672251309,0.532231405
Benign,746,676,135,266,1,1,1,1,0.90616622,0.507518797
MalwareActivity,486,735,44,6,1,1,1,1,1.512345679,7.333333333
